"","codmun7","municipio","espvida","gini","rdpc","pop","idhm","idhm_e","idhm_l","idhm_r","G01_QTD_EMP","G01_QTD_VINC","G02_QTD_EMP","G02_QTD_VINC","G03_QTD_EMP","G03_QTD_VINC","G04_QTD_EMP","G04_QTD_VINC","G05_QTD_EMP","G05_QTD_VINC","G06_QTD_EMP","G06_QTD_VINC","G07_QTD_EMP","G07_QTD_VINC","G08_QTD_EMP","G08_QTD_VINC","G09_QTD_EMP","G09_QTD_VINC","G10_QTD_EMP","G10_QTD_VINC","G11_QTD_EMP","G11_QTD_VINC","G12_QTD_EMP","G12_QTD_VINC","G13_QTD_EMP","G13_QTD_VINC","G14_QTD_EMP","G14_QTD_VINC","Geral_QTD_EMP","Geral_QTD_VINC"
"1",3500105,"ADAMANTINA",76.13,0.51,975.43,33490,0.79,0.75,0.852,0.772,14,48,15,37,2,0,13,0,40,78,1,0,1,1,0,0,1,2,6,22,0,0,0,0,4,0,27,932,2454,10305
"2",3500204,"ADOLFO",75.62,0.38,661.65,3557,0.73,0.648,0.844,0.71,2,1,1,0,1,0,0,0,4,2,0,0,0,0,0,0,0,0,0,0,0,0,0,0,0,0,0,0,178,949
"3",3500303,"AGUAÍ",76.49,0.47,636.07,32089,0.715,0.606,0.858,0.703,4,129,3,1,3,32,11,49,9,25,2,648,0,0,0,0,0,0,0,0,3,32,0,0,1,0,5,83,1832,7223
"4",3500402,"ÁGUAS DA PRATA",78.13,0.52,853.39,7510,0.781,0.716,0.886,0.75,1,0,0,0,0,0,37,86,2,2,4,4,0,0,0,0,1,3,0,0,0,0,0,0,0,0,2,0,468,1016
"5",3500501,"ÁGUAS DE LINDÓIA",75.76,0.43,730.13,17120,0.745,0.675,0.846,0.725,3,8,5,7,0,0,10,19,19,24,0,0,0,0,0,0,1,0,0,0,0,0,0,0,0,0,140,374,1334,4704
"6",3500550,"ÁGUAS DE SANTA BÁRBARA",75.41,0.48,818.15,5583,0.757,0.695,0.84,0.744,1,2,3,0,0,0,2,0,4,1,0,0,0,0,0,0,0,0,0,0,0,0,0,0,1,0,0,0,481,1562
"7",3500600,"ÁGUAS DE SÃO PEDRO",78.37,0.54,1580.72,2680,0.854,0.825,0.89,0.849,0,0,2,0,0,0,0,0,2,0,0,0,0,0,0,0,0,0,0,0,0,0,0,0,1,0,2,21,287,1375
"8",3500709,"AGUDOS",75.67,0.41,642.59,34140,0.745,0.694,0.845,0.705,10,206,13,33,0,0,1,2,27,60,3,2,0,0,0,0,1,0,0,0,0,0,0,0,0,0,12,77,1440,9117
"9",3500758,"ALAMBARI",73.27,0.44,556.36,4863,0.712,0.658,0.805,0.682,3,4,1,0,0,0,0,0,0,0,0,0,0,0,0,0,1,5,0,0,0,0,0,0,0,0,1,111,247,997
"10",3500808,"ALFREDO MARCONDES",75.41,0.36,558.38,3885,0.741,0.71,0.84,0.682,2,37,0,0,0,0,0,0,1,0,0,0,0,0,0,0,0,0,0,0,0,0,0,0,0,0,0,0,188,895
"11",3500907,"ALTAIR",73,0.42,616.38,3795,0.687,0.581,0.8,0.698,0,0,0,0,0,0,0,0,0,0,0,0,0,0,0,0,0,0,0,0,0,0,0,0,0,0,0,0,203,736
"12",3501004,"ALTINÓPOLIS",75.57,0.45,731.49,15527,0.73,0.635,0.843,0.726,2,1,9,5,0,0,141,745,11,4,1,0,0,0,0,0,2,2,0,0,1,0,0,0,4,9,11,1,1284,3745
"13",3501103,"ALTO ALEGRE",74,0.35,560.3,4102,0.7,0.616,0.817,0.683,0,0,3,0,8,0,66,0,5,2,0,0,0,0,0,0,0,0,0,0,0,0,0,0,0,0,5,0,1042,481
"14",3501152,"ALUMÍNIO",75.47,0.42,747.27,16753,0.766,0.732,0.841,0.729,1,3,1,19,0,0,0,0,4,1,0,0,0,0,0,0,0,0,0,0,0,0,0,0,0,0,1,0,372,6423
"15",3501202,"ÁLVARES FLORENCE",73.35,0.41,627.14,3897,0.728,0.683,0.806,0.701,0,0,0,0,0,0,4,0,1,0,0,0,0,0,0,0,0,0,0,0,0,0,0,0,0,0,1,4,267,502
"16",3501301,"ÁLVARES MACHADO",75.03,0.46,672.03,23494,0.758,0.732,0.834,0.712,7,7,8,70,0,0,0,0,20,27,0,0,0,0,0,0,1,33,0,0,0,0,1,0,0,0,6,1,1184,3340
"17",3501400,"ÁLVARO DE CARVALHO",73.31,0.38,512.99,3294,0.688,0.605,0.805,0.669,0,0,0,0,0,0,16,47,0,0,0,0,0,0,0,0,0,0,0,0,0,0,0,0,0,0,0,0,117,366
"18",3501509,"ALVINLÂNDIA",72.48,0.53,710.49,2993,0.722,0.659,0.791,0.721,0,0,0,0,0,0,16,58,0,0,0,0,0,0,0,0,0,0,0,0,0,0,0,0,0,0,0,0,140,337
"19",3501608,"AMERICANA",77.55,0.47,1161.68,209811,0.811,0.76,0.876,0.8,88,455,126,254,0,0,0,0,393,542,8,25,8,104,4,5,0,0,18,344,1,1,3,48,14,0,437,3321,15642,72602
"20",3501707,"AMÉRICO BRASILIENSE",76.12,0.39,659.67,34381,0.751,0.701,0.852,0.709,3,19,24,56,0,0,0,0,16,93,0,0,1,0,0,0,0,0,0,0,0,0,0,0,0,0,5,8,1034,9607
"21",3501806,"AMÉRICO DE CAMPOS",74.04,0.43,686.56,5697,0.745,0.708,0.817,0.715,2,5,2,0,0,0,0,0,3,0,0,0,0,0,0,0,0,0,0,0,0,0,0,0,0,0,2,24,302,610
"22",3501905,"AMPARO",77.27,0.5,1027.6,65521,0.785,0.711,0.871,0.78,17,96,30,302,3,0,155,176,84,388,8,291,1,158,0,0,2,33,5,40,4,41,0,0,0,0,59,464,3988,23836
"23",3502002,"ANALÂNDIA",76.66,0.53,823.33,4254,0.754,0.668,0.861,0.745,4,3,1,1,1,0,1,0,0,0,1,9,0,0,0,0,0,0,0,0,0,0,0,0,0,0,2,0,351,1056
"24",3502101,"ANDRADINA",78.07,0.51,919.36,54242,0.779,0.702,0.885,0.762,5,42,22,60,0,0,0,0,47,150,0,0,0,0,0,0,1,0,1,8,0,0,0,0,2,0,8,17,3339,15973
"25",3502200,"ANGATUBA",74.6,0.45,597.99,22134,0.719,0.648,0.827,0.693,1,0,3,0,1,3,0,0,13,24,0,0,0,0,0,0,1,444,0,0,3,6,0,0,1,0,6,64,1361,5293
"26",3502309,"ANHEMBI",76.78,0.42,554.16,5554,0.721,0.637,0.863,0.681,1,2,0,0,0,0,0,0,3,0,0,0,0,0,0,0,0,0,0,0,0,0,0,0,0,0,0,0,310,1073
"27",3502408,"ANHUMAS",75.67,0.42,561.82,3710,0.741,0.706,0.845,0.683,0,0,0,0,0,0,0,0,0,0,0,0,0,0,0,0,0,0,0,0,0,0,0,0,0,0,0,0,220,477
"28",3502507,"APARECIDA",74.67,0.46,775.17,34630,0.755,0.706,0.828,0.735,2,3,2,1,0,0,0,0,67,161,1,1,0,0,0,0,0,0,1,4,0,0,0,0,0,0,13,102,2616,11496
"29",3502606,"APARECIDA D'OESTE",73.25,0.47,611.22,4423,0.721,0.67,0.804,0.697,0,0,0,0,1,1,0,0,1,2,0,0,0,0,0,0,0,0,0,0,0,0,0,0,0,0,1,2,146,691
"30",3502705,"APIAÍ",75.07,0.55,492.43,25062,0.71,0.647,0.835,0.662,0,0,4,342,0,0,0,0,8,82,0,0,1,3,0,0,0,0,1,1,0,0,0,0,0,0,4,87,1134,4800
"31",3502754,"ARAÇARIGUAMA",73.86,0.46,691.69,16922,0.704,0.597,0.814,0.717,1,0,6,7,0,0,0,0,11,39,4,38,0,0,0,0,0,0,0,0,0,0,0,0,0,0,5,14,983,9837
"32",3502804,"ARAÇATUBA",75.46,0.52,1036.09,180537,0.788,0.744,0.841,0.782,70,312,57,269,11,17,0,0,199,390,11,40,0,0,0,0,4,737,22,471,19,50,2,45,14,2,78,237,11597,52405
"33",3502903,"ARAÇOIABA DA SERRA",76.61,0.52,853.87,27189,0.776,0.723,0.86,0.751,3,19,10,15,2,1,0,0,14,30,7,430,0,0,0,0,2,8,1,24,1,0,0,0,0,0,1,12,1550,5866
"34",3503000,"ARAMINA",76.34,0.43,721.56,5152,0.74,0.656,0.856,0.723,1,0,1,0,0,0,0,0,5,7,0,0,0,0,0,0,2,1,0,0,0,0,0,0,1,0,0,0,249,763
"35",3503109,"ARANDU",73.36,0.39,535.27,6074,0.685,0.592,0.806,0.675,1,0,0,0,4,21,16,137,1,1,0,0,0,0,0,0,0,0,0,0,0,0,0,0,0,0,2,6,303,1370
"36",3503158,"ARAPEÍ",73.72,0.39,414.19,2492,0.68,0.612,0.812,0.634,0,0,0,0,0,0,0,0,0,0,0,0,0,0,0,0,0,0,0,0,0,0,0,0,0,0,0,0,121,387
"37",3503208,"ARARAQUARA",77.64,0.5,1080.66,206646,0.815,0.782,0.877,0.788,44,148,81,443,0,0,0,0,222,659,10,19,11,26,1,0,3,478,34,202,2,2,5,209,24,5,66,1103,13245,75690
"38",3503307,"ARARAS",76.55,0.47,921.76,117824,0.781,0.728,0.859,0.763,42,282,68,540,0,0,4,84,112,297,6,252,1,0,0,0,2,1925,4,37,1,0,8,101,7,0,25,39,7337,39056
"39",3503356,"ARCO-ÍRIS",73.52,0.4,520.01,1917,0.722,0.694,0.809,0.671,2,3,1,0,0,0,1,0,0,0,1,6,0,0,0,0,0,0,0,0,1,7,0,0,0,0,0,0,108,327
"40",3503406,"AREALVA",75.37,0.45,697.3,7817,0.744,0.683,0.84,0.718,2,1,3,1,6,0,5,0,1,1,0,0,0,0,0,0,0,0,0,0,0,0,1,37,0,0,10,57,970,1521
"41",3503505,"AREIAS",73.18,0.44,396.78,3636,0.697,0.672,0.803,0.627,0,0,0,0,0,0,0,0,0,0,1,0,0,0,0,0,1,0,0,0,0,0,0,0,0,0,0,0,125,605
"42",3503604,"AREIÓPOLIS",74.37,0.36,570.09,10547,0.695,0.594,0.823,0.686,0,0,0,0,0,0,4,1,5,4,2,10,0,0,0,0,0,0,0,0,0,0,0,0,0,0,1,0,313,1247
"43",3503703,"ARIRANHA",73.75,0.4,751.35,8532,0.733,0.663,0.813,0.73,7,48,2,5,0,0,0,0,4,2,0,0,0,0,0,0,0,0,0,0,0,0,0,0,0,0,1,5,459,3553
"44",3503802,"ARTUR NOGUEIRA",74.63,0.46,823.24,44074,0.749,0.681,0.827,0.745,6,20,25,186,0,0,0,0,20,25,4,0,0,0,0,0,0,0,0,0,2,0,0,0,2,0,13,389,2066,9125
"45",3503901,"ARUJÁ",76.95,0.56,910.67,74649,0.784,0.73,0.866,0.761,10,236,18,14,0,0,0,0,38,149,3,71,2,21,0,0,0,0,3,258,0,0,0,0,3,1,35,395,3175,24611
"46",3503950,"ASPÁSIA",76.83,0.44,619.43,1806,0.735,0.657,0.864,0.699,0,0,0,0,1,0,2,0,0,0,0,0,0,0,0,0,0,0,0,0,0,0,0,0,0,0,1,0,199,219
"47",3504008,"ASSIS",76.91,0.5,967.39,93038,0.805,0.781,0.865,0.771,15,68,55,855,0,0,0,0,72,240,15,73,0,0,3,17,1,0,4,5,2,5,0,0,11,0,16,38,5921,22443
"48",3504107,"ATIBAIA",76.03,0.53,1063.52,125501,0.765,0.67,0.851,0.786,37,184,43,123,0,0,1,0,114,280,8,59,8,96,2,61,3,18,11,39,1,0,4,133,15,0,43,306,9038,41050
"49",3504206,"AURIFLAMA",75.41,0.47,829.68,14153,0.773,0.738,0.84,0.746,8,6,3,9,0,0,2,0,31,20,0,0,0,0,0,0,0,0,0,0,0,0,1,3,0,0,99,605,1399,2583
"50",3504305,"AVAÍ",74.77,0.47,531.2,4915,0.714,0.65,0.83,0.674,0,0,1,2,0,0,2,0,0,0,0,0,0,0,0,0,0,0,1,0,0,0,0,0,0,0,0,0,268,1328
"51",3504404,"AVANHANDAVA",74,0.42,579.71,10128,0.705,0.623,0.817,0.688,2,2,3,21,1,0,1,0,5,21,0,0,0,0,0,0,0,0,0,0,6,27,0,0,0,0,0,0,738,1764
"52",3504503,"AVARÉ",76.97,0.47,854.42,80833,0.767,0.695,0.866,0.751,16,57,27,255,3,86,2,3,67,149,4,9,0,0,0,0,1,39,5,8,1,0,0,0,8,0,54,1977,4441,22410
"53",3504602,"BADY BASSITT",73.31,0.36,783.57,14593,0.746,0.701,0.805,0.737,2,0,10,9,0,0,0,0,17,8,2,22,0,0,0,0,0,0,0,0,0,0,0,0,3,0,12,27,1073,3065
"54",3504701,"BALBINOS",73.55,0.38,586.02,1365,0.669,0.537,0.809,0.69,0,0,0,0,0,0,1,0,0,0,0,0,0,0,0,0,0,0,0,0,0,0,0,0,0,0,0,0,71,377
"55",3504800,"BÁLSAMO",75.08,0.44,832.51,8145,0.756,0.695,0.835,0.746,8,77,2,0,0,0,14,2,8,5,0,0,0,0,0,0,0,0,1,0,0,0,0,0,1,0,6,0,765,1476
"56",3504909,"BANANAL",77.29,0.51,595.74,10154,0.733,0.653,0.872,0.693,0,0,8,98,3,0,0,0,7,9,0,0,0,0,0,0,0,0,0,0,0,0,0,0,0,0,0,0,691,1658
"57",3505005,"BARÃO DE ANTONINA",74.22,0.47,536.63,3085,0.711,0.649,0.82,0.676,0,0,1,1,0,0,0,0,1,0,0,0,0,0,0,0,0,0,0,0,0,0,0,0,0,0,12,202,122,585
"58",3505104,"BARBOSA",75.57,0.4,536.37,6414,0.699,0.599,0.843,0.676,0,0,0,0,0,0,0,0,1,1,0,0,0,0,0,0,0,0,0,0,26,57,0,0,0,0,1,1,299,629
"59",3505203,"BARIRI",77.04,0.42,781.34,31448,0.75,0.662,0.867,0.736,0,0,4,0,0,0,3,2,39,123,3,16,2,2,0,0,1,0,7,23,7,89,0,0,0,0,37,441,1681,8894
"60",3505302,"BARRA BONITA",77.12,0.45,915.28,35157,0.788,0.739,0.869,0.762,7,42,6,24,0,0,0,0,52,177,2,12,0,0,0,0,1,0,0,0,15,211,1,6,5,0,17,52,2106,11306
"61",3505351,"BARRA DO CHAPÉU",71.72,0.54,370.97,5241,0.66,0.599,0.779,0.617,0,0,1,0,0,0,0,0,0,0,0,0,0,0,0,0,0,0,0,0,0,0,0,0,0,0,0,0,265,738
"62",3505401,"BARRA DO TURVO",72.53,0.5,390.88,7667,0.641,0.532,0.792,0.625,0,0,0,0,0,0,0,0,1,1,1,9,0,0,0,0,0,0,0,0,0,0,0,0,0,0,0,0,134,689
"63",3505500,"BARRETOS",77.5,0.48,917,111603,0.789,0.738,0.875,0.762,20,41,49,270,1,0,0,0,105,177,10,538,2,4,0,0,4,16,8,80,1,0,0,0,5,5,34,88,8222,32463
"64",3505609,"BARRINHA",74.74,0.4,668.32,28487,0.725,0.646,0.829,0.711,5,0,8,0,0,0,0,0,16,27,0,0,1,5,0,0,0,0,0,0,4,13,0,0,2,0,3,0,1205,3914
"65",3505708,"BARUERI",76.96,0.61,1095.84,240055,0.786,0.708,0.866,0.791,45,564,82,432,0,0,0,0,231,1371,7,205,2,22,6,44,1,41,12,439,0,0,3,21,16,10,79,979,21845,275570
"66",3505807,"BASTOS",75.86,0.41,609.76,20415,0.751,0.718,0.848,0.696,2,6,14,375,0,0,0,0,27,26,6,230,0,0,0,0,0,0,0,0,0,0,0,0,0,0,4,5,1082,7221
"67",3505906,"BATATAIS",75.41,0.5,941.79,56264,0.761,0.685,0.84,0.766,21,197,59,920,0,0,64,90,38,58,1,7,7,25,0,0,2,5,9,45,0,0,1,7,4,0,52,570,3419,15850
"68",3506003,"BAURU",76.26,0.55,1163.86,339422,0.801,0.752,0.854,0.8,72,224,73,236,2,0,0,0,355,973,16,60,6,18,1,96,1,0,26,126,1,4,5,37,17,17,82,450,18919,128780
"69",3506102,"BEBEDOURO",76.16,0.51,881.64,74728,0.78,0.735,0.853,0.756,11,11,31,486,0,0,0,0,57,136,5,64,0,0,1,10,1,90,2,4,0,0,1,0,16,1,20,71,4603,28967
"70",3506201,"BENTO DE ABREU",74.17,0.38,647.1,2674,0.744,0.712,0.82,0.706,0,0,0,0,0,0,1,0,0,0,0,0,0,0,0,0,0,0,0,0,0,0,0,0,0,0,0,0,144,880
"71",3506300,"BERNARDINO DE CAMPOS",75.26,0.45,676.6,10650,0.734,0.662,0.838,0.713,2,2,2,1,0,0,54,8,10,29,1,0,0,0,0,0,1,343,0,0,0,0,0,0,0,0,20,310,1054,2573
"72",3506359,"BERTIOGA",74.03,0.48,736.03,47239,0.73,0.654,0.817,0.727,8,13,4,1,0,0,0,0,23,46,0,0,0,0,1,1,0,0,0,0,0,0,0,0,1,0,5,0,2812,13533
"73",3506409,"BILAC",75.7,0.43,816.06,7019,0.768,0.722,0.845,0.743,2,10,4,120,0,0,1,1,20,24,0,0,0,0,0,0,0,0,1,23,0,0,0,0,0,0,7,4,477,1459
"74",3506508,"BIRIGUI",77.14,0.42,812.51,108248,0.78,0.734,0.869,0.743,42,613,17,322,0,0,8,3,848,7577,3,1,15,19,0,0,0,0,4,6,5,15,6,198,3,0,171,555,6711,30662
"75",3506607,"BIRITIBA-MIRIM",72.7,0.53,662.23,28531,0.712,0.64,0.795,0.71,1,8,2,83,0,0,0,0,4,3,0,0,0,0,0,0,0,0,0,0,0,0,0,0,0,0,0,0,900,3511
"76",3506706,"BOA ESPERANÇA DO SUL",73.63,0.44,593.36,13617,0.681,0.562,0.811,0.692,1,2,20,19,0,0,0,0,4,3,1,8,0,0,0,0,1,0,0,0,0,0,0,0,0,0,9,27,720,2654
"77",3506805,"BOCAINA",75.41,0.42,805.99,10717,0.742,0.656,0.84,0.741,0,0,5,1,0,0,4,10,8,8,1,2,0,0,0,0,1,42,0,0,0,0,0,0,0,0,21,42,734,3350
"78",3506904,"BOFETE",74.23,0.46,622.11,9618,0.705,0.609,0.821,0.7,1,0,1,2,0,0,0,0,1,0,0,0,0,0,0,0,0,0,0,0,0,0,0,0,1,4,0,0,351,1940
"79",3507001,"BOITUVA",76.67,0.49,889.51,48145,0.78,0.728,0.861,0.757,17,147,30,73,1,2,2,2,43,164,3,0,5,138,0,0,2,1,7,114,1,0,6,95,1,0,20,122,3054,21532
"80",3507100,"BOM JESUS DOS PERDÕES",73.1,0.41,688.02,19689,0.713,0.631,0.802,0.716,5,24,7,11,0,0,0,0,11,30,0,0,0,0,0,0,1,175,1,0,0,0,0,0,0,0,32,373,873,5425
"81",3507159,"BOM SUCESSO DE ITARARÉ",71.49,0.44,344.32,3549,0.66,0.613,0.775,0.605,0,0,1,6,0,0,0,0,1,4,0,0,0,0,0,0,0,0,0,0,0,0,0,0,0,0,0,0,119,651
"82",3507209,"BORÁ",76.77,0.4,670.27,805,0.746,0.675,0.863,0.712,0,0,1,0,0,0,0,0,0,0,1,0,0,0,0,0,0,0,0,0,1,0,0,0,0,0,0,0,121,787
"83",3507308,"BORACÉIA",76.93,0.38,719.42,4265,0.754,0.685,0.866,0.723,1,58,1,2,0,0,1,1,4,5,1,0,1,7,0,0,0,0,0,0,1,3,0,0,0,0,9,52,258,1417
"84",3507407,"BORBOREMA",74.83,0.42,664.64,14416,0.73,0.658,0.831,0.71,3,9,1,0,2,0,2,0,8,9,1,0,0,0,0,0,0,0,2,0,0,0,0,0,0,0,16,42,1421,2738
"85",3507456,"BOREBI",75.73,0.39,529.08,2275,0.705,0.615,0.846,0.674,0,0,0,0,0,0,0,0,1,0,1,7,0,0,0,0,0,0,0,0,0,0,0,0,0,0,0,0,115,769
"86",3507506,"BOTUCATU",77.13,0.54,1089.1,126813,0.8,0.746,0.869,0.79,22,79,33,72,0,0,21,23,110,235,9,142,3,36,0,0,0,0,7,32,0,0,6,1608,4,2,39,259,6692,42263
"87",3507605,"BRAGANÇA PAULISTA",76.67,0.52,974.08,145407,0.776,0.704,0.861,0.772,24,58,57,132,2,0,32,41,130,549,6,342,31,599,1,3,2,87,25,731,34,168,2,44,4,0,99,963,9221,45109
"88",3507704,"BRAÚNA",74.77,0.43,726.71,4997,0.737,0.664,0.83,0.725,2,48,0,0,1,0,4,1,8,54,0,0,0,0,0,0,0,0,0,0,0,0,0,0,0,0,0,0,247,505
"89",3507753,"BREJO ALEGRE",74.54,0.39,631.02,2551,0.71,0.618,0.826,0.702,0,0,0,0,0,0,0,0,0,0,0,0,0,0,0,0,0,0,0,0,0,0,0,0,0,0,0,0,235,520
"90",3507803,"BRODOWSKI",76.81,0.44,787.91,21023,0.755,0.675,0.864,0.738,19,119,5,0,1,0,14,11,22,18,2,17,2,0,0,0,3,29,0,0,0,0,0,0,1,0,39,394,1744,5468
"91",3507902,"BROTAS",73.9,0.41,722.76,21515,0.74,0.688,0.815,0.724,3,0,8,17,0,0,12,23,12,33,3,0,0,0,0,0,3,14,2,20,0,0,0,0,1,0,2,8,2006,7110
"92",3508009,"BURI",72.94,0.5,435.15,18489,0.667,0.578,0.799,0.642,0,0,4,5,0,0,0,0,7,127,0,0,0,0,0,0,1,19,1,14,1,0,0,0,3,0,2,13,1197,4964
"93",3508108,"BURITAMA",75.31,0.44,779.78,15350,0.763,0.72,0.839,0.736,3,9,6,4,0,0,0,0,9,10,1,0,0,0,1,4,1,6,0,0,2,74,0,0,3,3,5,0,1275,3724
"94",3508207,"BURITIZAL",74.79,0.46,817.16,4049,0.735,0.643,0.83,0.743,3,8,0,0,0,0,10,20,0,0,0,0,0,0,0,0,0,0,0,0,0,0,0,0,1,0,0,0,344,1787
"95",3508306,"CABRÁLIA PAULISTA",73.68,0.4,507.41,4356,0.694,0.619,0.811,0.667,0,0,2,1,0,0,0,0,1,0,0,0,0,0,0,0,0,0,0,0,0,0,0,0,1,0,3,0,327,819
"96",3508405,"CABREÚVA",74.67,0.42,694.03,41489,0.738,0.678,0.828,0.717,7,88,13,31,0,0,2,1,21,139,2,3,1,2,0,0,0,0,0,0,28,298,3,19,0,0,12,485,1647,14745
"97",3508504,"CAÇAPAVA",76.5,0.5,871.87,84377,0.788,0.755,0.858,0.754,4,1,19,135,0,0,1,3,61,243,1,132,4,23,0,0,0,0,3,0,2,45,5,231,0,0,7,80,2921,22083
"98",3508603,"CACHOEIRA PAULISTA",75.19,0.52,764.6,29922,0.764,0.728,0.837,0.733,2,2,6,10,1,0,0,0,10,15,0,0,0,0,0,0,1,0,0,0,3,90,0,0,0,0,3,15,1103,5256
"99",3508702,"CACONDE",76.45,0.5,627,18434,0.72,0.62,0.858,0.701,1,0,6,5,3,0,2089,327,9,19,0,0,0,0,0,0,2,14,1,0,1,0,0,0,1,0,12,25,3221,2017
"100",3508801,"CAFELÂNDIA",77.01,0.46,680.71,16509,0.742,0.661,0.867,0.714,1,3,2,0,0,0,10,25,21,11,2,16,1,4,0,0,0,0,0,0,0,0,0,0,1,0,17,406,1244,3921
"101",3508900,"CAIABU",74.37,0.37,559.13,4055,0.729,0.691,0.823,0.682,0,0,1,5,0,0,0,0,2,0,0,0,0,0,0,0,1,0,1,0,0,0,0,0,0,0,0,0,135,355
"102",3509007,"CAIEIRAS",76.68,0.47,800.15,86294,0.781,0.749,0.861,0.74,14,18,28,1171,0,0,0,0,46,83,2,19,2,41,0,0,0,0,8,68,0,0,0,0,2,0,37,157,2957,20815
"103",3509106,"CAIUÁ",73.13,0.45,500.47,4871,0.697,0.635,0.802,0.665,0,0,0,0,0,0,0,0,4,0,0,0,0,0,0,0,0,0,0,0,0,0,0,0,0,0,0,0,637,546
"104",3509205,"CAJAMAR",73.59,0.43,676.5,64040,0.728,0.668,0.81,0.713,22,271,29,31,1,0,0,0,59,353,4,116,2,0,0,0,0,0,4,72,1,5,1,3,3,5,14,152,3208,42474
"105",3509254,"CAJATI",74.89,0.47,481.48,28207,0.694,0.611,0.832,0.658,1,0,2,3,80,652,0,0,7,24,0,0,0,0,0,0,0,0,0,0,0,0,1,0,0,0,2,1,742,6690
"106",3509304,"CAJOBI",74.32,0.4,679.75,9760,0.734,0.674,0.822,0.714,0,0,1,0,0,0,0,0,0,0,2,11,0,0,0,0,0,0,0,0,0,0,0,0,0,0,2,2,723,1501
"107",3509403,"CAJURU",74.52,0.4,597.11,23277,0.713,0.633,0.825,0.693,6,1,17,108,0,0,108,197,12,17,2,1,0,0,0,0,5,90,3,1,0,0,0,0,2,1,12,119,2230,5092
"108",3509452,"CAMPINA DO MONTE ALEGRE",75.77,0.53,575.66,5530,0.717,0.634,0.846,0.687,0,0,3,3,0,0,0,0,5,4,1,0,0,0,0,0,0,0,0,0,0,0,1,0,1,0,1,0,369,841
"109",3509502,"CAMPINAS",76.59,0.56,1390.83,1071983,0.805,0.731,0.86,0.829,184,616,302,1224,7,8,17,99,963,3255,38,922,26,172,1,2,0,0,93,1629,15,98,13,41,45,15,289,1266,70218,411949
"110",3509601,"CAMPO LIMPO PAULISTA",75.4,0.43,767.85,73614,0.769,0.739,0.84,0.733,13,74,25,40,0,0,0,0,26,41,1,7,1,11,0,0,0,0,6,62,0,0,0,0,2,0,13,137,1905,12038
"111",3509700,"CAMPOS DO JORDÃO",76.1,0.59,911.4,47287,0.749,0.648,0.852,0.761,6,11,2,0,0,0,0,0,25,59,1,2,0,0,0,0,0,0,0,0,0,0,0,0,0,0,12,25,3066,13028
"112",3509809,"CAMPOS NOVOS PAULISTA",74.41,0.43,516.26,4537,0.706,0.638,0.824,0.67,0,0,0,0,0,0,1,0,2,2,0,0,0,0,0,0,0,0,0,0,0,0,0,0,0,0,0,0,348,721
"113",3509908,"CANANÉIA",76.07,0.49,540.54,12144,0.72,0.649,0.851,0.677,0,0,1,0,10,27,0,0,2,0,2,0,0,0,0,0,0,0,0,0,1,0,0,0,0,0,1,0,537,1602
"114",3509957,"CANAS",72.83,0.43,444.72,4384,0.704,0.677,0.797,0.646,0,0,1,10,0,0,0,0,0,0,0,0,0,0,0,0,0,0,0,0,3,41,0,0,0,0,0,0,202,918
"115",3510005,"CÂNDIDO MOTA",75.71,0.41,627.55,29731,0.747,0.704,0.845,0.701,7,53,4,262,0,0,0,0,14,25,1,0,0,0,0,0,2,3,1,0,3,0,0,0,2,0,6,3,1574,6109
"116",3510104,"CÂNDIDO RODRIGUES",76.79,0.48,837.17,2668,0.789,0.762,0.863,0.747,0,0,2,6,0,0,0,0,1,0,0,0,0,0,0,0,0,0,0,0,0,0,0,0,0,0,2,10,223,693
"117",3510153,"CANITAR",72.46,0.4,480.52,4362,0.68,0.605,0.791,0.658,0,0,0,0,0,0,0,0,1,1,1,3,0,0,0,0,0,0,0,0,0,0,0,0,0,0,0,0,105,518
"118",3510203,"CAPÃO BONITO",74.55,0.5,534.75,46014,0.721,0.671,0.826,0.675,7,23,35,43,1,0,1,8,17,80,0,0,0,0,0,0,1,5,0,0,0,0,0,0,11,10,11,17,2777,8156
"119",3510302,"CAPELA DO ALTO",74.36,0.4,526.28,17220,0.699,0.617,0.823,0.673,0,0,2,3,2,2,0,0,6,10,0,0,0,0,0,0,0,0,0,0,1,13,0,0,1,0,6,39,738,3482
"120",3510401,"CAPIVARI",75.89,0.46,820.46,47858,0.75,0.669,0.848,0.744,25,166,9,35,0,0,0,0,50,216,3,11,3,12,0,0,1,7,2,83,1,5,2,29,3,0,82,703,2254,15267
"121",3510500,"CARAGUATATUBA",75.68,0.5,773.99,99908,0.759,0.705,0.845,0.735,7,2,10,11,0,0,0,0,44,256,3,13,0,0,1,0,0,0,3,2,0,0,0,0,1,0,15,24,5288,26297
"122",3510609,"CARAPICUÍBA",75.52,0.46,712.78,368909,0.749,0.693,0.842,0.721,56,167,40,45,0,0,0,0,107,545,4,160,6,61,2,11,0,0,8,13,0,0,4,3,1,0,109,307,8251,37168
"123",3510708,"CARDOSO",76.18,0.42,605.99,11762,0.722,0.636,0.853,0.695,3,1,1,1,0,0,0,0,12,3,0,0,0,0,0,0,0,0,0,0,0,0,0,0,0,0,4,10,709,1399
"124",3510807,"CASA BRANCA",75.08,0.49,737.96,25971,0.73,0.64,0.835,0.727,2,2,25,183,0,0,1,0,11,39,0,0,0,0,0,0,1,85,0,0,0,0,0,0,1,0,5,184,1811,6748
"125",3510906,"CÁSSIA DOS COQUEIROS",76.81,0.43,551.4,2624,0.734,0.673,0.864,0.68,0,0,0,0,0,0,89,72,1,0,0,0,0,0,0,0,1,0,0,0,0,0,0,0,0,0,1,4,541,473
"126",3511003,"CASTILHO",74.63,0.46,579.36,17531,0.731,0.686,0.827,0.688,1,1,2,0,0,0,0,0,8,5,0,0,0,0,0,0,0,0,0,0,3,0,0,0,1,0,2,3,649,3001
"127",3511102,"CATANDUVA",76.2,0.46,945.05,112210,0.785,0.74,0.853,0.767,33,170,53,762,0,0,0,0,143,508,14,107,0,0,2,14,2,34,5,12,0,0,0,0,11,0,49,241,7507,36244
"128",3511201,"CATIGUÁ",76.12,0.43,771.78,7080,0.751,0.676,0.852,0.734,2,1,0,0,0,0,0,0,4,1,0,0,0,0,0,0,0,0,0,0,2,0,0,0,0,0,5,0,443,712
"129",3511300,"CEDRAL",77.3,0.42,845.41,7933,0.766,0.689,0.872,0.749,10,105,2,1,0,0,2,0,13,18,0,0,1,17,0,0,0,0,0,0,0,0,0,0,1,0,14,7,875,4884
"130",3511409,"CERQUEIRA CÉSAR",74.23,0.43,665.36,17288,0.729,0.666,0.821,0.71,1,1,2,2,2,0,9,2,7,4,2,12,0,0,0,0,1,0,0,0,0,0,0,0,0,0,2,9,1156,4484
"131",3511508,"CERQUILHO",76.21,0.42,894.52,39409,0.782,0.739,0.854,0.758,11,29,23,35,0,0,0,0,52,96,3,9,0,0,0,0,0,0,2,7,0,0,0,0,0,0,139,1026,2557,12814
"132",3511607,"CESÁRIO LANGE",73.23,0.43,684.95,14493,0.706,0.611,0.804,0.715,1,8,2,0,0,0,1,0,6,14,2,3,0,0,0,0,0,0,0,0,7,308,1,2,0,0,6,28,1155,3662
"133",3511706,"CHARQUEADA",74.18,0.4,705.01,15029,0.736,0.675,0.82,0.72,1,0,6,2,0,0,0,0,6,4,0,0,1,4,0,0,0,0,0,0,3,38,0,0,1,0,6,73,773,2321
"134",3511904,"CLEMENTINA",74.25,0.37,640.87,7035,0.725,0.66,0.821,0.704,1,0,6,0,4,0,0,0,5,3,0,0,0,0,0,0,0,0,0,0,0,0,0,0,0,0,2,0,376,2835
"135",3512001,"COLINA",75.71,0.46,706.69,17279,0.757,0.712,0.845,0.72,2,10,0,0,0,0,0,0,13,27,0,0,0,0,0,0,1,8,1,0,0,0,0,0,1,0,0,0,890,5536
"136",3512100,"COLÔMBIA",73.13,0.4,582.53,5982,0.71,0.647,0.802,0.689,0,0,1,0,0,0,0,0,2,1,0,0,0,0,0,0,0,0,0,0,0,0,0,0,0,0,2,0,649,5148
"137",3512209,"CONCHAL",74.64,0.43,617.76,25103,0.708,0.614,0.827,0.699,17,907,4,7,0,0,0,0,6,99,4,2,0,0,0,0,0,0,0,0,0,0,0,0,3,1,8,3,1122,5894
"138",3512308,"CONCHAS",75.19,0.49,730.42,16191,0.736,0.658,0.837,0.725,7,9,6,9,0,0,0,0,13,20,1,1,0,0,0,0,3,17,0,0,29,249,0,0,0,0,29,414,1258,3349
"139",3512407,"CORDEIRÓPOLIS",76.45,0.44,873.87,20946,0.758,0.674,0.858,0.754,5,12,11,5,0,0,1,0,14,103,1,13,1,42,0,0,0,0,0,0,9,3066,0,0,0,0,3,17,1274,10311
"140",3512506,"COROADOS",73.96,0.39,638.21,5224,0.719,0.648,0.816,0.704,0,0,1,63,1,0,0,0,14,49,0,0,1,0,0,0,0,0,0,0,1,0,0,0,0,0,1,0,374,961
"141",3512605,"CORONEL MACEDO",73.64,0.45,465.29,4991,0.69,0.619,0.811,0.653,0,0,0,0,0,0,3,3,1,1,0,0,0,0,0,0,0,0,0,0,2,94,0,0,0,0,2,55,279,838
"142",3512704,"CORUMBATAÍ",75.43,0.48,741.32,3869,0.754,0.7,0.841,0.728,2,8,1,0,0,0,1,0,3,2,0,0,0,0,0,0,0,0,0,0,7,55,0,0,0,0,4,3,333,1102
"143",3512803,"COSMÓPOLIS",77.57,0.42,829.25,58542,0.769,0.697,0.876,0.746,3,1,14,38,0,0,1,1,33,112,1,3,0,0,0,0,1,11,3,3,0,0,0,0,4,0,11,13,2227,9879
"144",3512902,"COSMORAMA",75.96,0.4,643.1,7188,0.722,0.63,0.849,0.705,4,65,1,1,0,0,2,1,31,17,0,0,0,0,0,0,0,0,0,0,0,0,0,0,0,0,12,41,536,2245
"145",3513009,"COTIA",76.05,0.57,1085.66,199437,0.78,0.707,0.851,0.789,64,583,74,331,0,0,0,0,131,499,16,619,2,0,6,565,0,0,16,425,0,0,1,0,14,12,58,165,12314,75971
"146",3513108,"CRAVINHOS",76.44,0.42,784.4,31565,0.756,0.683,0.857,0.737,5,64,14,15,0,0,10,16,48,62,5,28,3,66,0,0,1,3,5,120,0,0,0,0,3,0,3,4,2172,8824
"147",3513207,"CRISTAIS PAULISTA",73.11,0.48,721.31,7565,0.734,0.682,0.802,0.723,1,0,4,3,0,0,377,355,7,4,1,0,0,0,0,0,0,0,0,0,0,0,0,0,0,0,4,5,850,1448
"148",3513306,"CRUZÁLIA",76.18,0.43,614.17,2272,0.774,0.778,0.853,0.698,0,0,0,0,1,0,0,0,1,2,0,0,0,0,0,0,1,8,0,0,1,0,0,0,0,0,1,20,177,387
"149",3513405,"CRUZEIRO",77.28,0.53,809.24,76867,0.788,0.758,0.871,0.742,6,3,19,74,0,0,0,0,44,135,4,61,0,0,0,0,1,162,0,0,2,1,3,11,2,1,12,36,2956,16488
"150",3513504,"CUBATÃO",74.23,0.45,689.21,118004,0.737,0.681,0.821,0.716,1,0,15,1327,0,0,0,0,30,198,0,0,0,0,0,0,0,0,1,1,0,0,1,0,1,5,7,11,2764,24570
"151",3513603,"CUNHA",74.54,0.54,525.19,21721,0.684,0.576,0.826,0.672,4,9,5,7,0,0,0,0,5,2,0,0,0,0,1,0,4,33,0,0,1,0,0,0,0,0,1,4,1329,2292
"152",3513702,"DESCALVADO",76.92,0.45,798.74,30629,0.76,0.687,0.865,0.74,6,39,18,76,0,0,4,15,24,32,1,161,1,0,0,0,1,0,1,0,0,0,0,0,1,0,3,2,2160,9619
"153",3513801,"DIADEMA",75.65,0.43,694.55,385473,0.757,0.716,0.844,0.717,68,521,101,438,0,0,0,0,214,1133,14,300,50,565,1,2,0,0,22,336,1,0,4,77,9,0,71,1944,11513,88242
"154",3513850,"DIRCE REIS",75.54,0.37,570.51,1689,0.741,0.704,0.842,0.686,0,0,0,0,0,0,0,0,0,0,0,0,0,0,0,0,0,0,0,0,0,0,0,0,0,0,0,0,62,313
"155",3513900,"DIVINOLÂNDIA",75.97,0.48,707.97,11026,0.734,0.645,0.85,0.72,5,7,7,17,0,0,1038,51,6,29,3,17,0,0,0,0,1,20,0,0,0,0,0,0,1,0,0,0,2757,2273
"156",3514007,"DOBRADA",74.1,0.38,589.47,7939,0.718,0.655,0.818,0.691,0,0,8,33,0,0,0,0,2,0,0,0,0,0,0,0,0,0,0,0,0,0,0,0,1,0,2,1,269,730
"157",3514106,"DOIS CÓRREGOS",76.17,0.46,727.28,24650,0.725,0.616,0.853,0.725,19,400,5,4,1,0,86,44,35,208,0,0,0,0,0,0,1,4,1,7,0,0,0,0,3,0,2,0,2076,5148
"158",3514205,"DOLCINÓPOLIS",74.5,0.36,620.98,2094,0.742,0.709,0.825,0.699,2,27,0,0,0,0,0,0,0,0,0,0,0,0,0,0,0,0,0,0,0,0,0,0,0,0,2,2,124,269
"159",3514304,"DOURADO",73.66,0.37,697.37,8575,0.738,0.689,0.811,0.718,16,50,1,0,0,0,8,16,9,22,0,0,0,0,0,0,1,50,1,0,0,0,0,0,0,0,3,4,656,2773
"160",3514403,"DRACENA",75.51,0.44,862.86,41992,0.776,0.737,0.842,0.752,14,196,12,223,0,0,9,14,52,134,1,2,0,0,0,0,1,47,4,3,0,0,0,0,3,3,11,34,2961,11923
"161",3514502,"DUARTINA",75.24,0.43,688.4,12211,0.748,0.698,0.837,0.716,8,49,3,1,0,0,6,32,6,8,0,0,0,0,0,0,0,0,0,0,0,0,0,0,0,0,10,24,912,2339
"162",3514601,"DUMONT",75.91,0.39,705.3,8143,0.744,0.674,0.849,0.72,3,11,14,60,0,0,0,0,2,3,3,164,0,0,0,0,0,0,0,0,0,0,0,0,0,0,1,0,454,2090
"163",3514700,"ECHAPORÃ",75.01,0.53,703.55,6298,0.745,0.69,0.834,0.719,1,0,0,0,0,0,9,7,5,2,1,13,0,0,0,0,1,0,1,0,0,0,0,0,1,0,10,0,674,829
"164",3514809,"ELDORADO",75.82,0.49,411,14608,0.691,0.615,0.847,0.633,0,0,0,0,132,689,0,0,1,0,4,2,0,0,0,0,0,0,0,0,0,0,0,0,0,0,1,48,487,2022
"165",3514908,"ELIAS FAUSTO",74.32,0.42,625.66,15563,0.695,0.583,0.822,0.701,5,20,7,80,0,0,0,0,6,33,1,189,0,0,0,0,0,0,0,0,6,93,0,0,1,0,5,11,878,5220
"166",3514924,"ELISIÁRIO",74.51,0.33,666.93,3120,0.747,0.712,0.825,0.711,0,0,0,0,0,0,1,0,1,0,0,0,0,0,0,0,0,0,0,0,0,0,0,0,0,0,0,0,144,554
"167",3514957,"EMBAÚBA",75.42,0.36,717.97,2423,0.73,0.641,0.84,0.723,0,0,0,0,0,0,0,0,0,0,0,0,0,0,0,0,0,0,1,0,0,0,0,0,0,0,1,0,347,360
"168",3515004,"EMBU",75.33,0.45,622.77,239841,0.735,0.676,0.839,0.7,33,329,24,27,0,0,0,0,83,701,8,601,1,0,0,0,1,223,2,35,0,0,6,62,3,0,22,84,5271,46324
"169",3515103,"EMBU-GUAÇU",75.01,0.5,676.52,62320,0.749,0.708,0.834,0.713,12,112,7,1,0,0,0,0,19,77,1,397,0,0,1,0,0,0,0,0,1,0,0,0,2,0,17,49,1538,8359
"170",3515129,"EMILIANÓPOLIS",73.28,0.38,584.76,3001,0.727,0.691,0.805,0.69,0,0,0,0,0,0,0,0,1,0,0,0,0,0,0,0,2,19,0,0,0,0,0,0,0,0,0,0,262,331
"171",3515152,"ENGENHEIRO COELHO",73.87,0.45,707.37,15658,0.732,0.668,0.815,0.72,0,0,4,11,0,0,0,0,3,5,1,0,0,0,0,0,0,0,0,0,0,0,0,0,0,0,5,17,723,4819
"172",3515186,"ESPÍRITO SANTO DO PINHAL",77.31,0.57,1048.6,41568,0.787,0.712,0.872,0.784,8,63,54,1248,0,0,302,854,36,60,2,2,1,50,0,0,3,3,1,11,2,0,1,29,8,0,52,535,2439,11664
"173",3515194,"ESPÍRITO SANTO DO TURVO",74.12,0.38,533.76,4233,0.696,0.609,0.819,0.675,1,0,2,0,1,6,0,0,1,1,0,0,0,0,0,0,0,0,0,0,0,0,0,0,0,0,0,0,409,549
"174",3515202,"ESTRELA D'OESTE",77.4,0.39,670.65,8183,0.76,0.705,0.873,0.712,3,58,0,0,26,2,0,0,4,12,0,0,0,0,0,0,1,54,0,0,0,0,0,0,0,0,1,0,500,3621
"175",3515301,"ESTRELA DO NORTE",74.1,0.43,597.74,2619,0.74,0.714,0.818,0.693,0,0,0,0,0,0,0,0,1,0,0,0,0,0,0,0,0,0,0,0,0,0,0,0,0,0,0,0,95,351
"176",3515350,"EUCLIDES DA CUNHA PAULISTA",73.13,0.45,493.91,9456,0.704,0.655,0.802,0.663,1,2,1,0,0,0,0,0,4,0,0,0,0,0,0,0,0,0,0,0,0,0,0,0,0,0,0,0,322,743
"177",3515400,"FARTURA",77.02,0.43,618.77,15194,0.732,0.648,0.867,0.699,2,1,4,8,0,0,42,218,9,14,0,0,0,0,0,0,0,0,1,1,8,155,0,0,0,0,32,932,861,3754
"178",3515509,"FERNANDÓPOLIS",77.31,0.49,944,64444,0.797,0.758,0.872,0.767,18,270,20,83,7,14,11,0,56,152,3,18,3,13,0,0,0,0,2,0,0,0,0,0,2,0,62,217,4951,16704
"179",3515608,"FERNANDO PRESTES",76.55,0.41,832.72,5518,0.758,0.68,0.859,0.746,1,1,5,0,0,0,0,0,2,2,1,0,0,0,0,0,0,0,0,0,0,0,0,0,2,0,1,0,504,1369
"180",3515657,"FERNÃO",75.55,0.4,510.09,1561,0.703,0.617,0.843,0.668,1,12,1,0,0,0,15,19,0,0,0,0,0,0,0,0,0,0,0,0,1,3,0,0,0,0,0,0,124,329
"181",3515707,"FERRAZ DE VASCONCELOS",74.65,0.43,587.83,168022,0.738,0.703,0.828,0.691,14,49,18,63,0,0,0,0,61,189,3,516,1,18,1,0,0,0,4,361,0,0,9,288,3,0,40,892,2997,19387
"182",3515806,"FLORA RICA",72.74,0.4,511.8,1750,0.727,0.723,0.796,0.668,0,0,0,0,0,0,1,0,0,0,0,0,0,0,0,0,0,0,0,0,0,0,0,0,0,0,0,0,220,277
"183",3515905,"FLOREAL",73.49,0.37,663.83,2999,0.747,0.726,0.808,0.71,5,46,0,0,0,0,0,0,0,0,0,0,0,0,0,0,0,0,0,0,0,0,0,0,0,0,4,37,250,448
"184",3516002,"FLÓRIDA PAULISTA",73.44,0.41,632.97,11568,0.715,0.646,0.807,0.702,0,0,1,15,0,0,3,1,4,55,1,3,0,0,0,0,0,0,0,0,0,0,0,0,1,0,0,0,454,1360
"185",3516101,"FLORÍNIA",74.19,0.46,544.03,2829,0.713,0.652,0.82,0.678,0,0,0,0,0,0,0,0,1,0,0,0,0,0,0,0,0,0,0,0,0,0,0,0,0,0,0,0,131,495
"186",3516200,"FRANCA",75.5,0.46,846.57,317558,0.78,0.753,0.842,0.749,76,274,72,119,1,0,279,799,3321,15600,21,304,28,96,10,54,4,0,19,64,0,0,4,18,41,2,222,830,21179,86654
"187",3516309,"FRANCISCO MORATO",73.91,0.4,483.98,154059,0.703,0.647,0.815,0.659,5,3,9,2,0,0,0,0,28,235,0,0,2,4,0,0,0,0,4,10,0,0,0,0,1,0,16,3,2186,9635
"188",3516408,"FRANCO DA ROCHA",76.09,0.44,632.42,123427,0.731,0.654,0.852,0.702,6,0,12,14,8,0,0,0,58,360,1,5,0,0,0,0,0,0,2,92,0,0,0,0,0,0,30,485,2804,17889
"189",3516507,"GABRIEL MONTEIRO",73.54,0.37,712.72,2708,0.763,0.762,0.809,0.721,0,0,1,25,0,0,30,0,2,420,0,0,0,0,0,0,0,0,0,0,0,0,0,0,0,0,3,6,339,910
"190",3516606,"GÁLIA",74.36,0.42,565.41,6935,0.709,0.634,0.823,0.684,4,141,3,3,0,0,66,195,3,54,0,0,0,0,0,0,0,0,1,0,1,0,0,0,0,0,2,0,424,1310
"191",3516705,"GARÇA",75.93,0.5,786.83,42771,0.769,0.728,0.849,0.737,9,15,17,74,0,0,282,659,22,53,2,25,6,9,0,0,2,0,1,0,0,0,0,0,9,0,8,17,2509,10273
"192",3516804,"GASTÃO VIDIGAL",74.03,0.42,736.47,4185,0.723,0.635,0.817,0.727,0,0,0,0,0,0,1,0,1,0,0,0,0,0,0,0,0,0,0,0,0,0,0,0,0,0,0,0,238,304
"193",3516853,"GAVIÃO PEIXOTO",73.14,0.35,575.08,4419,0.719,0.676,0.802,0.687,1,0,1,0,0,0,1,7,1,1,1,2,0,0,0,0,0,0,0,0,0,0,1,2759,0,0,0,0,228,4194
"194",3516903,"GENERAL SALGADO",73.5,0.45,771.92,10616,0.747,0.702,0.808,0.734,2,8,5,5,6,6,0,0,5,3,0,0,0,0,0,0,0,0,1,0,0,0,0,0,1,0,8,7,1166,1579
"195",3517000,"GETULINA",73.76,0.45,608.58,9585,0.717,0.652,0.813,0.696,0,0,0,0,4,6,2,3,1,2,1,0,0,0,0,0,0,0,0,0,0,0,0,0,0,0,1,3,372,1241
"196",3517109,"GLICÉRIO",76.47,0.52,777.37,4545,0.735,0.63,0.858,0.735,0,0,0,0,1,0,0,0,10,121,1,0,0,0,0,0,0,0,0,0,12,6,0,0,0,0,0,0,450,877
"197",3517208,"GUAIÇARA",76.16,0.38,610.2,10619,0.739,0.679,0.853,0.697,0,0,5,2,0,0,3,1,5,13,2,288,0,0,0,0,0,0,1,0,0,0,0,0,0,0,4,2,444,1579
"198",3517307,"GUAIMBÊ",74.77,0.4,532.14,5414,0.728,0.689,0.83,0.675,0,0,1,0,1,3,1,3,4,1,0,0,0,0,0,0,1,0,0,0,0,0,0,0,0,0,1,0,262,555
"199",3517406,"GUAÍRA",74.46,0.53,901.23,37339,0.753,0.683,0.824,0.759,4,2,18,63,0,0,0,0,22,69,0,0,0,0,0,0,1,4,2,8,0,0,0,0,9,2,4,4,2762,15072
"200",3517505,"GUAPIAÇU",76.93,0.41,741.42,17809,0.725,0.605,0.866,0.728,12,560,11,28,3,2,1,0,5,54,0,0,0,0,0,0,0,0,0,0,0,0,0,0,1,1,10,91,1159,4746
"201",3517604,"GUAPIARA",73.37,0.55,412.51,17832,0.675,0.602,0.806,0.634,0,0,1,90,0,0,0,0,7,19,0,0,0,0,0,0,0,0,0,0,0,0,0,0,1,0,0,0,1055,2128
"202",3517703,"GUARÁ",74.55,0.49,664.56,19801,0.718,0.63,0.826,0.71,4,1,9,326,0,0,3,2,10,16,2,3,0,0,0,0,0,0,1,0,0,0,0,0,1,0,2,1,877,3025
"203",3517802,"GUARAÇAÍ",73.2,0.42,619.41,8371,0.719,0.663,0.803,0.699,20,62,1,0,1,0,0,0,2,6,0,0,0,0,0,0,1,34,0,0,0,0,0,0,0,0,1,1,885,1363
"204",3517901,"GUARACI",75.37,0.42,615.78,9946,0.737,0.682,0.84,0.698,2,2,1,4,0,0,0,0,2,0,0,0,0,0,0,0,0,0,0,0,0,0,0,0,0,0,2,26,388,2466
"205",3518008,"GUARANI D'OESTE",73.34,0.4,557.58,1966,0.732,0.714,0.806,0.682,0,0,0,0,1,0,0,0,0,0,0,0,0,0,0,0,1,10,0,0,0,0,0,0,0,0,4,50,143,313
"206",3518107,"GUARANTÃ",74.93,0.48,615.97,6387,0.713,0.623,0.832,0.698,3,18,0,0,0,0,0,0,3,0,0,0,0,0,0,0,0,0,0,0,0,0,0,0,0,0,0,0,445,1175
"207",3518206,"GUARARAPES",75.39,0.43,739.89,30494,0.763,0.726,0.84,0.727,7,72,6,8,1,0,1,4,25,33,1,5,0,0,0,0,0,0,1,0,1,0,0,0,2,0,20,176,1594,6638
"208",3518305,"GUARAREMA",74.03,0.47,748.79,25691,0.731,0.656,0.817,0.729,10,5,6,114,0,0,0,0,16,43,0,0,0,0,0,0,0,0,0,0,1,0,1,5,3,0,7,18,1617,8023
"209",3518404,"GUARATINGUETÁ",78.17,0.54,926.78,111540,0.798,0.751,0.886,0.764,5,28,13,31,2,1,0,0,77,379,2,15,0,0,0,0,1,25,4,30,5,19,1,307,1,0,31,157,5689,31455
"210",3518503,"GUAREÍ",73.27,0.44,594.42,11720,0.687,0.583,0.805,0.692,0,0,2,4,0,0,0,0,1,4,0,0,0,0,0,0,1,68,0,0,0,0,0,0,0,0,24,303,702,2345
"211",3518602,"GUARIBA",73.63,0.43,671.34,35344,0.719,0.645,0.811,0.712,3,5,25,146,0,0,0,0,29,53,3,61,0,0,0,0,1,0,0,0,0,0,0,0,3,0,8,126,1739,7258
"212",3518701,"GUARUJÁ",76.23,0.5,745,290055,0.751,0.679,0.854,0.729,24,34,18,26,0,0,0,0,104,291,8,26,0,0,0,0,0,0,1,2,1,0,10,299,1,0,37,93,9087,47510
"213",3518800,"GUARULHOS",74.83,0.51,829.91,1213492,0.763,0.717,0.831,0.746,129,1094,250,729,1,0,0,0,622,3117,15,951,33,119,2,0,1,0,31,625,1,237,21,1170,38,5,423,3519,43237,341395
"214",3518859,"GUATAPARÁ",74.34,0.53,723.83,6947,0.743,0.688,0.822,0.724,0,0,0,0,0,0,0,0,1,1,1,5,0,0,0,0,0,0,0,0,2,30,0,0,0,0,1,41,323,1537
"215",3518909,"GUZOLÂNDIA",73.49,0.41,537.05,4708,0.697,0.621,0.808,0.676,0,0,1,0,1,5,0,0,1,0,0,0,0,0,0,0,0,0,0,0,0,0,0,0,0,0,3,111,265,609
"216",3519006,"HERCULÂNDIA",73.52,0.44,549.27,8696,0.727,0.698,0.809,0.68,2,2,3,4,0,0,2,8,1,1,3,26,0,0,0,0,2,112,1,0,0,0,0,0,0,0,1,0,497,1250
"217",3519055,"HOLAMBRA",77.66,0.54,1274.53,11254,0.793,0.698,0.878,0.815,1,9,20,102,0,0,0,0,12,44,0,0,1,0,0,0,0,0,0,0,0,0,1,90,0,0,1,6,1257,10334
"218",3519071,"HORTOLÂNDIA",76.51,0.41,686.96,188117,0.756,0.703,0.859,0.716,45,260,52,139,0,0,0,0,90,505,22,265,2,18,0,0,0,0,21,189,1,1,7,1133,7,1,36,117,6576,46467
"219",3519105,"IACANGA",76.03,0.4,712.15,9808,0.745,0.675,0.851,0.721,1,1,7,15,0,0,3,0,18,6,3,16,0,0,0,0,0,0,2,27,0,0,0,0,1,0,3,1,691,2990
"220",3519204,"IACRI",76.42,0.44,628.14,6419,0.733,0.655,0.857,0.701,0,0,1,2,0,0,4,6,5,2,1,64,0,0,0,0,0,0,0,0,0,0,1,7,0,0,1,7,371,935
"221",3519253,"IARAS",75.87,0.52,497.81,4512,0.674,0.543,0.848,0.664,0,0,0,0,0,0,0,0,1,1,0,0,0,0,0,0,0,0,0,0,0,0,0,0,0,0,0,0,189,1739
"222",3519303,"IBATÉ",73.81,0.37,552.79,30672,0.703,0.627,0.814,0.681,5,14,20,86,0,0,0,0,10,35,0,0,0,0,0,0,0,0,1,3,0,0,0,0,0,0,3,0,1445,6222
"223",3519402,"IBIRÁ",75.48,0.48,803.36,10864,0.74,0.65,0.841,0.741,11,69,3,104,0,0,2,0,6,4,1,12,0,0,0,0,0,0,2,1,0,0,0,0,1,0,21,195,1167,2019
"224",3519501,"IBIRAREMA",74.03,0.43,593.7,6702,0.708,0.628,0.817,0.692,0,0,0,0,0,0,0,0,0,0,0,0,0,0,0,0,0,0,0,0,2,6,0,0,0,0,2,4,263,724
"225",3519600,"IBITINGA",75.76,0.43,791.99,52956,0.747,0.667,0.846,0.738,9,19,6,21,0,0,2,2,58,59,1,0,1,0,0,0,0,0,1,0,0,0,0,0,0,0,53,179,4582,15703
"226",3519709,"IBIÚNA",74.91,0.48,624.55,70850,0.71,0.614,0.832,0.7,4,8,14,27,0,0,0,0,33,52,4,306,0,0,0,0,0,0,1,3,1,9,1,0,0,0,11,10,2584,14181
"227",3519808,"ICÉM",73.34,0.45,690.78,7448,0.72,0.646,0.806,0.716,0,0,1,0,0,0,0,0,6,1,0,0,0,0,0,0,0,0,1,0,0,0,0,0,0,0,0,0,491,978
"228",3519907,"IEPÊ",73.85,0.44,623.96,7580,0.736,0.7,0.814,0.7,1,0,0,0,0,0,0,0,5,3,0,0,0,0,0,0,1,66,1,0,0,0,0,0,0,0,1,2,350,1064
"229",3520004,"IGARAÇU DO TIETÊ",75.3,0.36,590.77,23255,0.727,0.664,0.838,0.691,4,16,1,0,0,0,1,0,15,17,0,0,0,0,0,0,0,0,0,0,6,173,1,17,1,0,11,0,979,2328
"230",3520103,"IGARAPAVA",75.08,0.67,1228.09,27724,0.768,0.671,0.835,0.809,5,4,7,10,0,0,2,0,18,16,3,1,0,0,0,0,0,0,0,0,2,4,0,0,2,0,5,2,1340,5840
"231",3520202,"IGARATÁ",76.28,0.41,561.31,8772,0.711,0.616,0.855,0.683,0,0,0,0,1,3,0,0,0,0,0,0,0,0,0,0,1,0,0,0,0,0,0,0,0,0,3,45,363,1686
"232",3520301,"IGUAPE",75.84,0.55,588.36,28708,0.726,0.653,0.847,0.691,3,3,0,0,17,51,0,0,9,11,0,0,0,0,0,0,0,0,1,0,1,21,0,0,0,0,3,5,874,2803
"233",3520400,"ILHABELA",75.56,0.49,794.57,28026,0.756,0.693,0.843,0.739,3,1,1,0,0,0,0,0,8,5,2,7,0,0,0,0,0,0,1,0,0,0,0,0,1,0,5,4,1774,9332
"234",3520426,"ILHA COMPRIDA",74.36,0.46,608.83,8894,0.725,0.666,0.823,0.696,1,2,0,0,0,0,0,0,5,1,0,0,0,0,0,0,0,0,0,0,0,0,0,0,0,0,1,0,430,1700
"235",3520442,"ILHA SOLTEIRA",77.24,0.48,1063.04,24998,0.812,0.782,0.871,0.786,4,3,2,79,1,1,0,0,20,59,3,8,1,5,0,0,0,0,0,0,0,0,0,0,2,0,2,3,1247,5023
"236",3520509,"INDAIATUBA",75.22,0.47,1098.31,201009,0.788,0.738,0.837,0.791,77,407,100,1005,2,0,7,8,198,1183,10,76,21,195,1,2,0,0,16,217,8,121,4,73,14,0,140,792,14287,78478
"237",3520608,"INDIANA",75.56,0.45,681.29,4819,0.761,0.733,0.843,0.714,0,0,1,1,0,0,1,0,3,3,0,0,0,0,0,0,0,0,0,0,3,1,0,0,0,0,2,2,219,618
"238",3520707,"INDIAPORÃ",75.11,0.47,680.85,3848,0.751,0.71,0.835,0.714,1,0,1,0,1,0,0,0,2,2,0,0,0,0,0,0,0,0,0,0,0,0,0,0,0,0,0,0,203,279
"239",3520806,"INÚBIA PAULISTA",75.95,0.37,576.91,3585,0.759,0.75,0.849,0.688,1,0,1,2,0,0,4,2,1,0,0,0,0,0,0,0,0,0,0,0,0,0,0,0,0,0,2,39,222,887
"240",3520905,"IPAUSSU",74.66,0.48,677.42,13634,0.727,0.65,0.828,0.713,5,9,3,8,0,0,2,11,21,44,1,0,0,0,0,0,0,0,0,0,0,0,0,0,1,0,15,224,749,3513
"241",3521002,"IPERÓ",73.86,0.4,551.75,26427,0.719,0.672,0.814,0.68,26,474,6,71,0,0,0,0,8,23,0,0,0,0,0,0,0,0,0,0,1,17,0,0,0,0,5,0,774,6396
"242",3521101,"IPEÚNA",75.7,0.46,785.15,5961,0.753,0.685,0.845,0.737,1,0,5,24,0,0,0,0,4,5,0,0,0,0,0,0,1,15,0,0,1,137,1,14,1,0,0,0,333,1923
"243",3521150,"IPIGUÁ",75.33,0.36,608.53,4460,0.73,0.666,0.839,0.696,6,177,3,3,0,0,1,1,5,7,0,0,0,0,1,0,0,0,0,0,0,0,0,0,0,0,1,7,193,1189
"244",3521200,"IPORANGA",73.96,0.53,421.14,4274,0.703,0.668,0.816,0.637,0,0,0,0,0,0,0,0,1,1,0,0,0,0,0,0,0,0,0,0,0,0,0,0,0,0,0,0,110,570
"245",3521309,"IPUÃ",75.9,0.59,900.48,14111,0.749,0.654,0.848,0.759,1,1,0,0,0,0,0,0,3,8,0,0,0,0,0,0,0,0,0,0,0,0,0,0,1,0,1,3,945,2748
"246",3521408,"IRACEMÁPOLIS",76.76,0.4,808.74,19969,0.776,0.729,0.863,0.742,7,58,19,23,0,0,0,0,14,13,4,96,0,0,0,0,0,0,0,0,1,0,1,25,2,0,7,144,1189,7229
"247",3521507,"IRAPUÃ",75.63,0.36,579.58,7224,0.713,0.624,0.844,0.688,2,0,0,0,0,0,0,0,2,13,1,0,0,0,0,0,0,0,0,0,0,0,0,0,0,0,15,118,587,1038
"248",3521606,"IRAPURU",75.33,0.44,589.82,6402,0.712,0.622,0.839,0.691,0,0,1,0,3,0,148,5,4,3,0,0,0,0,0,0,0,0,0,0,0,0,0,0,0,0,0,0,979,666
"249",3521705,"ITABERÁ",73.18,0.5,462.03,17739,0.693,0.636,0.803,0.652,3,9,6,4,1,1,1,1,4,15,0,0,0,0,0,0,1,26,0,0,0,0,0,0,0,0,5,249,1134,2831
"250",3521804,"ITAÍ",74.77,0.45,594.77,22559,0.713,0.63,0.83,0.692,0,0,2,2,7,43,4,54,9,23,0,0,0,0,0,0,0,0,0,0,4,15,0,0,0,0,4,20,968,5160
"251",3521903,"ITAJOBI",74.94,0.38,739.45,14490,0.73,0.644,0.832,0.727,2,2,12,9,1,0,0,0,12,31,0,0,1,6,0,0,0,0,1,0,0,0,0,0,4,4,12,40,2157,3570
"252",3522000,"ITAJU",74.39,0.37,609.08,3246,0.705,0.613,0.823,0.696,0,0,0,0,0,0,1,1,5,10,1,0,0,0,0,0,1,12,0,0,0,0,0,0,0,0,5,3,199,614
"253",3522109,"ITANHAÉM",74.36,0.5,690.67,86728,0.745,0.701,0.823,0.716,2,1,1,0,8,37,0,0,28,100,2,5,0,0,0,0,0,0,0,0,0,0,0,0,1,0,8,40,2689,15218
"254",3522158,"ITAÓCA",72.2,0.54,395.32,3224,0.68,0.637,0.787,0.627,0,0,0,0,0,0,0,0,0,0,0,0,0,0,0,0,0,0,0,0,0,0,0,0,0,0,0,0,134,307
"255",3522208,"ITAPECERICA DA SERRA",76.09,0.45,619.82,148965,0.742,0.687,0.852,0.699,23,121,23,12,0,0,0,0,40,110,4,61,3,1,0,0,0,0,3,367,0,0,3,2,1,0,23,226,3538,23031
"256",3522307,"ITAPETININGA",76.86,0.49,741.64,140581,0.763,0.705,0.864,0.728,12,413,31,184,7,12,0,0,69,304,2,1,1,1,0,0,4,434,5,233,6,150,0,0,15,1,40,822,6865,36808
"257",3522406,"ITAPEVA",73.18,0.53,630.48,87462,0.732,0.697,0.803,0.702,2,4,34,144,1,0,0,0,63,251,3,3,0,0,0,0,2,0,0,0,3,48,0,0,9,0,21,49,5557,20565
"258",3522505,"ITAPEVI",76.28,0.45,575.72,200590,0.735,0.677,0.855,0.687,14,8,22,11,0,0,0,0,59,290,6,193,5,94,0,0,0,0,1,1,0,0,1,2,0,0,29,77,3857,34814
"259",3522604,"ITAPIRA",76.1,0.45,849.81,67517,0.762,0.692,0.852,0.75,25,168,64,1157,1,0,102,42,51,219,6,14,2,90,0,0,2,33,6,284,9,224,8,80,5,1,31,248,3917,24564
"260",3522653,"ITAPIRAPUÃ PAULISTA",73.96,0.53,323.42,3875,0.661,0.594,0.816,0.595,0,0,9,1,0,0,0,0,0,0,0,0,0,0,0,0,0,0,0,0,0,0,0,0,0,0,0,0,236,568
"261",3522703,"ITÁPOLIS",75.14,0.45,787.75,39827,0.744,0.667,0.836,0.738,5,10,28,42,4,0,4,0,31,46,0,0,0,0,0,0,0,0,3,1,0,0,0,0,3,0,57,415,5802,10081
"262",3522802,"ITAPORANGA",75.11,0.53,552.76,14423,0.719,0.653,0.835,0.681,2,2,1,2,1,0,5,0,5,28,1,0,0,0,0,0,0,0,0,0,2,6,0,0,0,0,12,287,765,2191
"263",3522901,"ITAPUÍ",75.47,0.41,687.46,12143,0.725,0.633,0.841,0.716,11,286,2,0,0,0,3,12,11,216,0,0,0,0,0,0,0,0,0,0,0,0,0,0,0,0,8,25,555,4557
"264",3523008,"ITAPURA",73.75,0.45,556.29,4262,0.72,0.673,0.813,0.682,0,0,0,0,0,0,0,0,0,0,0,0,0,0,0,0,0,0,0,0,0,0,0,0,0,0,0,0,156,656
"265",3523107,"ITAQUAQUECETUBA",75.66,0.42,502.85,321198,0.714,0.648,0.844,0.665,39,186,38,35,0,0,1,0,78,489,4,53,5,40,0,0,0,0,3,67,0,0,1,61,2,0,122,2261,6556,44191
"266",3523206,"ITARARÉ",73.18,0.48,510.2,47767,0.703,0.649,0.803,0.668,4,1,15,18,0,0,1,1,22,123,2,8,0,0,0,0,0,0,3,28,0,0,0,0,2,0,4,13,2142,8446
"267",3523305,"ITARIRI",75.21,0.5,434.58,15409,0.677,0.577,0.837,0.642,0,0,1,1,96,272,0,0,3,0,0,0,0,0,0,0,0,0,1,2,0,0,0,0,0,0,0,0,426,1602
"268",3523404,"ITATIBA",75.64,0.48,1080.74,101022,0.778,0.708,0.844,0.788,68,658,39,48,0,0,3,29,85,338,7,284,7,94,0,0,2,5,10,131,0,0,2,11,9,5,27,138,5644,34953
"269",3523503,"ITATINGA",75.44,0.43,568.58,17986,0.706,0.61,0.841,0.685,4,2,29,66,0,0,2,0,5,0,1,0,0,0,0,0,0,0,0,0,1,0,0,0,0,0,1,2,1109,3058
"270",3523602,"ITIRAPINA",73.77,0.48,772.14,12742,0.724,0.636,0.813,0.734,3,168,3,8,0,0,0,0,1,1,0,0,0,0,0,0,0,0,1,8,0,0,0,0,0,0,5,2,729,4267
"271",3523701,"ITIRAPUÃ",74.55,0.44,526.62,5889,0.707,0.636,0.826,0.673,1,11,1,0,0,0,127,224,8,18,1,1,0,0,0,0,2,16,0,0,0,0,0,0,1,0,0,0,397,737
"272",3523800,"ITOBI",74.19,0.41,611.41,7471,0.717,0.646,0.82,0.697,2,11,1,0,0,0,11,22,1,0,0,0,0,0,0,0,1,3,0,0,1,0,0,0,0,0,0,0,485,994
"273",3523909,"ITU",76.23,0.52,1038.14,153310,0.773,0.692,0.854,0.782,47,295,37,443,0,0,13,43,122,406,7,537,16,507,0,0,2,11,12,422,37,981,1,0,15,5,32,55,8517,55505
"274",3524006,"ITUPEVA",75.63,0.43,848.65,44744,0.762,0.699,0.844,0.75,8,65,40,61,0,0,1,1,59,369,6,63,2,9,0,0,3,18,4,429,0,0,2,120,3,4,9,58,2978,28846
"275",3524105,"ITUVERAVA",75.47,0.52,950.39,38583,0.765,0.694,0.841,0.768,6,1,6,24,0,0,12,8,28,74,3,29,0,0,0,0,0,0,0,0,0,0,0,0,2,0,7,5,2152,7548
"276",3524204,"JABORANDI",75.71,0.39,548.22,6530,0.711,0.627,0.845,0.679,0,0,0,0,0,0,0,0,1,0,0,0,0,0,0,0,0,0,1,0,1,0,0,0,0,0,0,0,309,902
"277",3524303,"JABOTICABAL",76.08,0.52,1015.51,70863,0.778,0.71,0.851,0.778,15,98,24,280,0,0,0,0,58,102,7,54,2,31,0,0,0,0,1,176,1,25,3,40,7,1,9,24,4574,22172
"278",3524402,"JACAREÍ",75.2,0.49,846.53,210767,0.777,0.749,0.837,0.749,26,91,69,183,0,0,1,10,135,639,4,25,1,6,1,0,0,0,5,8,2,62,2,306,5,0,52,1111,8384,49993
"279",3524501,"JACI",74.05,0.35,624.57,5475,0.723,0.659,0.818,0.7,35,1060,3,2,0,0,0,0,6,20,1,0,0,0,0,0,0,0,0,0,0,0,0,0,1,0,4,12,341,2810
"280",3524600,"JACUPIRANGA",74.89,0.53,574.52,17161,0.717,0.644,0.832,0.687,1,0,4,3,88,655,0,0,2,4,0,0,0,0,0,0,3,36,0,0,1,5,1,10,0,0,2,0,703,3253
"281",3524709,"JAGUARIÚNA",76.74,0.49,1038.61,44108,0.784,0.715,0.862,0.782,6,8,26,293,1,1,3,7,39,115,3,24,0,0,0,0,0,0,0,0,8,118,2,103,6,3,15,18,3098,34490
"282",3524808,"JALES",76.32,0.46,850.11,46877,0.776,0.73,0.855,0.75,13,32,24,149,2,0,0,0,48,150,3,29,0,0,0,0,0,0,9,35,0,0,1,0,3,0,23,40,3193,11594
"283",3524907,"JAMBEIRO",76.61,0.49,738.52,5330,0.756,0.69,0.86,0.727,1,0,2,2,0,0,0,0,0,0,0,0,0,0,0,0,1,11,0,0,0,0,0,0,0,0,0,0,280,2673
"284",3525003,"JANDIRA",75.46,0.48,792.33,108193,0.76,0.706,0.841,0.738,14,7,12,13,0,0,1,0,38,142,1,107,0,0,1,0,0,0,0,0,0,0,1,4,4,0,42,398,3159,19274
"285",3525102,"JARDINÓPOLIS",76.15,0.48,742.74,37596,0.735,0.64,0.853,0.728,22,72,17,56,0,0,0,0,31,105,3,15,0,0,0,0,1,5,2,1,0,0,0,0,8,0,15,141,2072,9138
"286",3525201,"JARINU",74.53,0.45,718.61,23797,0.733,0.659,0.826,0.723,11,57,16,10,0,0,0,0,19,24,4,16,3,0,0,0,0,0,4,375,0,0,0,0,0,0,5,24,1358,9248
"287",3525300,"JAÚ",78.13,0.45,951.17,130260,0.778,0.693,0.886,0.768,28,79,42,261,0,0,11,85,965,4881,2,0,5,5,3,1,0,0,13,216,0,0,1,0,7,0,89,322,8009,37693
"288",3525409,"JERIQUARA",73.86,0.42,549.1,3160,0.703,0.628,0.814,0.68,1,0,3,1,0,0,118,182,4,34,0,0,0,0,0,0,0,0,0,0,0,0,0,0,0,0,0,0,308,732
"289",3525508,"JOANÓPOLIS",74.43,0.43,650.99,11658,0.699,0.585,0.824,0.707,2,4,5,8,0,0,2,3,7,9,0,0,1,0,0,0,1,12,0,0,0,0,0,0,0,0,41,218,832,2393
"290",3525607,"JOÃO RAMALHO",74.1,0.42,627.59,4131,0.741,0.71,0.818,0.701,1,4,1,0,0,0,0,0,0,0,0,0,0,0,0,0,0,0,0,0,0,0,0,0,0,0,1,0,183,535
"291",3525706,"JOSÉ BONIFÁCIO",77.14,0.45,863.34,32661,0.777,0.717,0.869,0.752,10,15,10,44,0,0,1,0,64,79,8,21,0,0,0,0,0,0,2,13,4,15,0,0,1,0,56,668,2503,9850
"292",3525805,"JÚLIO MESQUITA",73.76,0.41,482.86,4430,0.716,0.686,0.813,0.659,0,0,1,0,0,0,9,8,4,0,0,0,0,0,0,0,0,0,0,0,0,0,0,0,3,1,0,0,231,480
"293",3525854,"JUMIRIM",76.75,0.39,710.27,2798,0.741,0.655,0.863,0.721,0,0,3,5,0,0,0,0,0,0,0,0,0,0,0,0,2,12,0,0,5,198,0,0,1,0,0,0,191,1315
"294",3525904,"JUNDIAÍ",76.94,0.53,1431.55,368777,0.822,0.768,0.866,0.834,70,232,238,1204,0,0,0,0,375,1596,21,633,21,285,4,16,2,24,20,686,13,300,4,11,26,0,83,916,26308,171931
"295",3526001,"JUNQUEIRÓPOLIS",76.61,0.43,737.14,17409,0.745,0.662,0.86,0.727,5,28,6,7,9,1,72,0,12,23,0,0,0,0,0,0,0,0,0,0,0,0,0,0,0,0,9,99,1597,5636
"296",3526100,"JUQUIÁ",74.36,0.49,467.35,19162,0.7,0.637,0.823,0.654,0,0,4,0,129,331,0,0,4,9,0,0,0,0,0,0,0,0,1,1,0,0,0,0,0,0,1,0,674,2347
"297",3526209,"JUQUITIBA",72.48,0.49,550.32,28538,0.709,0.662,0.791,0.68,2,6,2,6,1,0,0,0,5,3,0,0,0,0,0,0,0,0,0,0,0,0,0,0,0,0,1,0,933,4559
"298",3526308,"LAGOINHA",72.82,0.48,573.28,4798,0.693,0.609,0.797,0.686,1,0,1,0,1,0,1,0,1,0,0,0,0,0,0,0,0,0,0,0,1,0,0,0,0,0,0,0,534,712
"299",3526407,"LARANJAL PAULISTA",74.73,0.41,760.58,25243,0.729,0.639,0.829,0.732,6,12,12,48,0,0,3,4,8,10,1,0,3,65,0,0,0,0,0,0,17,418,0,0,3,0,15,45,1861,9371
"300",3526506,"LAVÍNIA",74.17,0.38,614.14,5117,0.721,0.655,0.82,0.698,1,0,0,0,0,0,0,0,1,0,0,0,0,0,0,0,0,0,0,0,0,0,0,0,0,0,0,0,402,682
"301",3526605,"LAVRINHAS",74.38,0.55,500.59,6511,0.729,0.707,0.823,0.665,0,0,0,0,0,0,0,0,0,0,0,0,0,0,0,0,0,0,0,0,0,0,0,0,0,0,0,0,180,817
"302",3526704,"LEME",76.05,0.48,746.15,91255,0.744,0.665,0.851,0.729,56,533,31,73,7,16,2,21,60,311,3,3,1,0,1,7,1,1,8,7,13,140,1,1,5,0,13,84,4763,22790
"303",3526803,"LENÇÓIS PAULISTA",75.19,0.43,816.48,61212,0.764,0.717,0.837,0.743,14,60,37,295,2,0,11,12,43,107,6,70,0,0,0,0,0,0,1,0,0,0,0,0,2,0,14,23,3464,20963
"304",3526902,"LIMEIRA",76.11,0.48,910.85,275032,0.775,0.719,0.852,0.761,49,293,157,972,5,1,3,7,258,808,20,382,66,455,92,1163,0,0,9,214,3,536,14,1245,12,0,111,518,16812,83605
"305",3527009,"LINDÓIA",76.85,0.4,714.18,6696,0.742,0.654,0.864,0.722,3,2,2,2,0,0,6,7,3,1,0,0,0,0,0,0,0,0,2,0,0,0,0,0,0,0,12,57,347,1948
"306",3527108,"LINS",77.13,0.45,919.53,70592,0.786,0.733,0.869,0.762,8,139,17,20,0,0,5,6,69,1207,7,2,0,0,0,0,0,0,5,6,0,0,0,0,2,0,14,15,3847,24909
"307",3527207,"LORENA",76.35,0.52,781.28,82126,0.766,0.713,0.856,0.736,3,1,14,14,1,0,0,0,48,111,1,2,1,1,0,0,1,430,5,7,1,0,0,0,3,0,11,11,3582,16923
"308",3527256,"LOURDES",73.96,0.37,612,2101,0.742,0.717,0.816,0.697,0,0,0,0,0,0,0,0,1,0,0,0,0,0,0,0,0,0,0,0,0,0,0,0,0,0,0,0,218,251
"309",3527306,"LOUVEIRA",76.65,0.5,1047.17,37004,0.777,0.697,0.861,0.783,9,8,11,21,2,1,0,0,51,163,5,53,0,0,0,0,0,0,0,0,0,0,0,0,2,0,0,0,2787,17144
"310",3527405,"LUCÉLIA",75.48,0.46,743.2,18445,0.752,0.695,0.841,0.728,5,8,4,1,0,0,13,6,16,25,4,31,0,0,0,0,0,0,0,0,1,0,0,0,4,1,15,340,1320,9105
"311",3527504,"LUCIANÓPOLIS",73.55,0.51,779.84,2247,0.733,0.662,0.809,0.736,3,5,0,0,0,0,2,1,1,0,2,0,0,0,0,0,0,0,0,0,0,0,0,0,0,0,1,0,188,1066
"312",3527603,"LUÍS ANTÔNIO",74.34,0.42,661.22,11249,0.731,0.671,0.822,0.709,2,3,1,0,0,0,0,0,7,1,1,0,0,0,0,0,0,0,0,0,0,0,0,0,1,0,2,2,742,7030
"313",3527702,"LUIZIÂNIA",73.88,0.35,557.06,5008,0.702,0.623,0.815,0.682,1,1,0,0,1,0,0,0,3,1,0,0,0,0,0,0,1,0,0,0,0,0,0,0,0,0,0,0,230,534
"314",3527801,"LUPÉRCIO",74.81,0.4,547.3,4347,0.724,0.674,0.83,0.679,0,0,1,0,2,0,30,58,0,0,0,0,0,0,0,0,0,0,0,0,0,0,0,0,0,0,0,0,196,567
"315",3527900,"LUTÉCIA",75.75,0.42,516.35,2711,0.72,0.659,0.846,0.67,0,0,0,0,0,0,1,0,1,0,0,0,0,0,0,0,1,40,0,0,0,0,0,0,0,0,0,0,248,467
"316",3528007,"MACATUBA",76.52,0.55,920.95,16217,0.77,0.697,0.859,0.763,1,0,3,2,0,0,0,0,10,22,2,6,0,0,0,0,0,0,0,0,2,28,0,0,3,0,9,618,553,3896
"317",3528106,"MACAUBAL",75.64,0.43,704.61,7629,0.743,0.676,0.844,0.72,2,10,5,0,0,0,3,0,6,10,2,4,0,0,0,0,1,0,0,0,0,0,0,0,0,0,6,13,521,1754
"318",3528205,"MACEDÔNIA",76.09,0.42,644.23,3638,0.74,0.675,0.852,0.705,1,61,0,0,7,8,4,0,1,0,0,0,0,0,0,0,0,0,0,0,0,0,0,0,0,0,0,0,548,515
"319",3528304,"MAGDA",74.38,0.44,725.51,3200,0.753,0.717,0.823,0.724,0,0,1,1,0,0,0,0,1,0,0,0,0,0,0,0,0,0,0,0,0,0,0,0,0,0,13,104,206,585
"320",3528403,"MAIRINQUE",74.85,0.44,710.18,43055,0.743,0.684,0.831,0.721,4,26,11,9,0,0,0,0,24,75,2,39,0,0,0,0,0,0,1,0,0,0,0,0,2,0,17,257,1620,9292
"321",3528502,"MAIRIPORÃ",77.86,0.56,944.03,80353,0.788,0.723,0.881,0.767,19,307,16,77,0,0,0,0,68,102,3,25,1,0,0,0,1,0,7,99,0,0,0,0,5,0,61,280,3345,15051
"322",3528601,"MANDURI",74.05,0.48,750.34,8957,0.739,0.675,0.818,0.73,3,1,3,0,0,0,148,13,12,6,1,0,0,0,0,0,0,0,0,0,0,0,0,0,0,0,8,84,1139,1574
"323",3528700,"MARABÁ PAULISTA",73.54,0.39,457.56,3586,0.677,0.591,0.809,0.65,0,0,0,0,0,0,0,0,0,0,0,0,0,0,0,0,0,0,0,0,0,0,0,0,0,0,9,34,211,622
"324",3528809,"MARACAÍ",75.97,0.42,666.65,13307,0.771,0.758,0.85,0.711,0,0,2,0,0,0,0,0,6,21,1,0,0,0,0,0,0,0,1,0,0,0,0,0,0,0,1,5,1252,2728
"325",3528858,"MARAPOAMA",76.14,0.4,781.03,2631,0.752,0.679,0.852,0.736,2,1,1,1,0,0,0,0,4,72,1,53,0,0,0,0,0,0,0,0,0,0,0,0,0,0,0,0,376,1604
"326",3528908,"MARIÁPOLIS",74.78,0.37,565.58,3913,0.718,0.651,0.83,0.684,0,0,1,0,0,0,6,2,0,0,0,0,0,0,0,0,0,0,0,0,0,0,0,0,0,0,0,0,254,335
"327",3529005,"MARÍLIA",76.26,0.5,953.2,213999,0.798,0.776,0.854,0.768,42,84,60,196,0,0,37,81,232,438,39,2422,5,18,2,12,1,3,23,344,1,1,1,7,14,2,78,289,12949,69925
"328",3529104,"MARINÓPOLIS",74.5,0.43,553.24,2111,0.731,0.694,0.825,0.681,0,0,0,0,0,0,0,0,1,1,0,0,0,0,0,0,0,0,0,0,0,0,0,0,0,0,0,0,72,298
"329",3529203,"MARTINÓPOLIS",74.93,0.45,636,22950,0.721,0.641,0.832,0.703,4,15,7,50,0,0,1,2,18,24,1,12,0,0,0,0,0,0,0,0,2,11,0,0,1,0,2,1,904,3068
"330",3529302,"MATÃO",75.84,0.52,940.44,76679,0.773,0.713,0.847,0.766,11,37,114,4240,0,0,1,1,78,147,12,497,9,27,0,0,2,7,5,19,0,0,1,1,6,2,36,632,3876,33582
"331",3529401,"MAUÁ",76.13,0.44,709.25,415015,0.766,0.733,0.852,0.721,47,218,106,210,0,0,0,0,130,632,2,52,19,102,0,0,0,0,12,419,2,0,1,31,7,0,94,880,9351,60677
"332",3529500,"MENDONÇA",76.78,0.36,707.36,4634,0.744,0.663,0.863,0.72,0,0,1,0,0,0,0,0,3,4,1,2,0,0,1,0,0,0,0,0,6,8,0,0,0,0,4,89,313,2441
"333",3529609,"MERIDIANO",74.04,0.4,694.38,3834,0.731,0.667,0.817,0.717,10,73,0,0,3,8,6,0,0,0,0,0,0,0,0,0,1,0,0,0,0,0,0,0,0,0,2,0,481,2007
"334",3529658,"MESÓPOLIS",75.84,0.37,530.46,1886,0.724,0.666,0.847,0.674,0,0,0,0,0,0,0,0,0,0,0,0,0,0,0,0,0,0,0,0,0,0,0,0,0,0,0,0,93,247
"335",3529708,"MIGUELÓPOLIS",76.78,0.46,670.82,20370,0.741,0.661,0.863,0.712,0,0,2,1,0,0,2,0,4,4,1,0,0,0,0,0,0,0,0,0,0,0,0,0,1,0,9,2,980,2852
"336",3529807,"MINEIROS DO TIETÊ",74.39,0.39,700.24,11982,0.73,0.658,0.823,0.719,2,178,2,0,1,0,14,4,24,78,0,0,0,0,0,0,0,0,2,0,1,0,0,0,0,0,3,0,783,1505
"337",3529906,"MIRACATU",73.18,0.5,442.77,20533,0.697,0.655,0.803,0.645,1,10,0,0,108,280,0,0,2,6,1,3,0,0,0,0,0,0,0,0,1,0,0,0,0,0,1,0,763,2981
"338",3530003,"MIRA ESTRELA",73.34,0.43,613.14,2820,0.743,0.731,0.806,0.697,1,3,0,0,9,0,0,0,1,0,0,0,0,0,0,0,0,0,0,0,0,0,0,0,0,0,3,4,259,435
"339",3530102,"MIRANDÓPOLIS",77.12,0.45,758.64,24298,0.751,0.665,0.869,0.732,4,7,0,0,0,0,1,0,10,15,1,83,0,0,0,0,0,0,2,4,0,0,0,0,0,0,4,1,1383,3914
"340",3530201,"MIRANTE DO PARANAPANEMA",75.45,0.5,516.3,16913,0.724,0.674,0.841,0.67,2,0,0,0,0,0,0,0,4,11,0,0,0,0,0,0,1,34,1,0,0,0,0,0,0,0,1,0,862,3693
"341",3530300,"MIRASSOL",75.76,0.43,841.27,53576,0.762,0.698,0.846,0.748,74,1314,13,4,0,0,0,0,49,111,3,2,4,18,0,0,0,0,2,1,0,0,2,11,3,0,43,258,3318,14546
"342",3530409,"MIRASSOLÂNDIA",74.76,0.39,639.58,4288,0.738,0.69,0.829,0.704,0,0,1,0,0,0,0,0,4,3,0,0,0,0,0,0,1,14,0,0,0,0,0,0,0,0,3,5,183,772
"343",3530508,"MOCOCA",74.63,0.53,881.99,65734,0.762,0.709,0.827,0.756,16,19,27,204,0,0,49,438,63,231,8,46,2,0,0,0,4,331,3,17,5,21,1,115,4,0,17,46,3825,17320
"344",3530607,"MOGI DAS CRUZES",76.07,0.54,916.81,386276,0.783,0.74,0.851,0.762,34,131,116,285,1,0,0,0,223,587,15,423,4,25,0,0,0,0,17,73,1,86,0,0,12,0,95,496,18395,102112
"345",3530706,"MOGI GUAÇU",76.1,0.44,802.19,136821,0.774,0.736,0.852,0.74,32,110,51,321,0,0,10,31,101,402,3,6,3,5,1,4,2,20,4,12,4,217,5,181,12,1,36,93,6287,40284
"346",3530805,"MOJI MIRIM",77.74,0.49,945.62,85795,0.784,0.715,0.879,0.767,46,208,49,243,7,7,1,19,65,606,2,9,2,34,1,0,1,0,10,397,2,124,3,9,10,1,24,64,5277,28799
"347",3530904,"MOMBUCA",74.18,0.61,832.07,3261,0.719,0.607,0.82,0.746,1,16,0,0,0,0,0,0,4,2,0,0,0,0,0,0,0,0,0,0,0,0,0,0,0,0,2,1,156,628
"348",3531001,"MONÇÕES",73.81,0.43,755.2,2132,0.772,0.773,0.814,0.731,0,0,0,0,0,0,3,0,0,0,0,0,0,0,0,0,0,0,2,0,1,0,0,0,0,0,0,0,345,932
"349",3531100,"MONGAGUÁ",76.24,0.5,699.73,44770,0.754,0.699,0.854,0.719,0,0,1,0,0,0,0,0,20,54,0,0,0,0,0,0,0,0,1,1,0,0,0,0,1,0,6,5,1741,6669
"350",3531209,"MONTE ALEGRE DO SUL",76.5,0.48,861.61,7128,0.759,0.678,0.858,0.752,1,0,1,7,0,0,37,24,9,8,0,0,0,0,0,0,0,0,1,0,0,0,0,0,2,0,5,0,640,1353
"351",3531308,"MONTE ALTO",76.56,0.42,832.6,46499,0.768,0.707,0.859,0.746,19,36,30,66,0,0,0,0,26,62,2,74,2,9,0,0,1,2,2,6,0,0,6,570,6,0,9,13,4410,13393
"352",3531407,"MONTE APRAZÍVEL",76.64,0.5,1032.05,21662,0.785,0.72,0.861,0.781,7,56,13,14,0,0,5,1,12,22,2,20,1,0,1,14,1,201,3,50,0,0,0,0,2,0,9,38,1523,3772
"353",3531506,"MONTE AZUL PAULISTA",75.56,0.46,765.11,18862,0.753,0.69,0.843,0.733,8,19,17,50,0,0,0,0,19,25,0,0,0,0,0,0,0,0,0,0,0,0,1,0,7,0,10,13,1364,5338
"354",3531605,"MONTE CASTELO",73.81,0.38,646.15,4063,0.741,0.709,0.814,0.706,0,0,2,75,0,0,1,0,4,0,0,0,0,0,0,0,0,0,0,0,0,0,0,0,0,0,0,0,212,518
"355",3531704,"MONTEIRO LOBATO",74.53,0.48,593.95,4095,0.71,0.627,0.826,0.692,0,0,2,2,0,0,0,0,2,1,1,1,0,0,0,0,0,0,0,0,0,0,0,0,0,0,0,0,273,623
"356",3531803,"MONTE MOR",76.78,0.44,674.23,48724,0.733,0.639,0.863,0.713,7,5,18,319,0,0,2,3,23,24,1,26,1,1,0,0,0,0,1,446,6,95,0,0,0,0,7,5,1989,12429
"357",3531902,"MORRO AGUDO",75.15,0.45,687.37,29050,0.712,0.604,0.836,0.716,10,8,18,104,0,0,0,0,12,30,0,0,0,0,0,0,0,0,1,0,3,0,0,0,2,0,15,227,2178,7201
"358",3532009,"MORUNGABA",73.1,0.41,733.72,11730,0.715,0.627,0.802,0.726,2,2,5,3,0,0,7,17,8,17,3,47,0,0,0,0,0,0,2,167,0,0,0,0,1,0,8,404,776,4373
"359",3532058,"MOTUCA",76.51,0.45,567.17,4271,0.741,0.691,0.859,0.685,1,0,2,49,0,0,0,0,3,2,0,0,0,0,0,0,0,0,0,0,0,0,0,0,0,0,2,55,188,667
"360",3532108,"MURUTINGA DO SUL",75.84,0.43,636.47,4147,0.726,0.643,0.847,0.703,2,0,1,0,1,0,0,0,3,2,0,0,0,0,0,0,0,0,1,1,0,0,0,0,0,0,0,0,249,445
"361",3532157,"NANTES",72.41,0.35,472.28,2707,0.714,0.702,0.79,0.655,0,0,0,0,0,0,2,16,0,0,0,0,0,0,0,0,0,0,0,0,0,0,0,0,0,0,0,0,116,370
"362",3532207,"NARANDIBA",75.33,0.36,482.74,4288,0.718,0.67,0.839,0.659,0,0,2,9,0,0,0,0,4,2,0,0,0,0,0,0,0,0,0,0,0,0,0,0,0,0,0,0,182,1106
"363",3532306,"NATIVIDADE DA SERRA",73.86,0.51,496.93,6667,0.655,0.52,0.814,0.664,0,0,0,0,2,0,0,0,3,1,0,0,1,0,0,0,0,0,0,0,0,0,0,0,0,0,0,0,577,675
"364",3532405,"NAZARÉ PAULISTA",74.08,0.45,554.18,16371,0.678,0.559,0.818,0.681,3,33,2,7,0,0,0,0,6,42,0,0,0,0,0,0,0,0,0,0,0,0,1,0,0,0,7,138,612,2813
"365",3532504,"NEVES PAULISTA",74.38,0.4,784.55,8745,0.754,0.707,0.823,0.737,3,25,0,0,0,0,1,0,7,1,0,0,1,1,0,0,0,0,0,0,0,0,0,0,0,0,2,28,502,1561
"366",3532603,"NHANDEARA",75.08,0.49,878.42,10595,0.751,0.672,0.835,0.755,1,2,1,0,0,0,0,0,7,8,0,0,0,0,0,0,0,0,0,0,0,0,0,0,0,0,10,19,1616,1763
"367",3532702,"NIPOÃ",73.81,0.37,628.33,4270,0.713,0.636,0.814,0.701,2,0,0,0,0,0,0,0,0,0,0,0,0,0,0,0,0,0,0,0,0,0,0,0,0,0,2,0,301,647
"368",3532801,"NOVA ALIANÇA",74.56,0.38,662.48,5866,0.738,0.684,0.826,0.71,0,0,0,0,0,0,2,0,2,3,0,0,0,0,0,0,2,7,0,0,0,0,0,0,0,0,2,6,388,1396
"369",3532827,"NOVA CAMPINA",72.94,0.47,330.03,8481,0.651,0.577,0.799,0.598,0,0,1,1,0,0,0,0,2,62,0,0,0,0,0,0,0,0,0,0,0,0,0,0,0,0,2,69,287,2142
"370",3532843,"NOVA CANAÃ PAULISTA",73.33,0.34,526.58,2102,0.715,0.675,0.806,0.673,0,0,0,0,3,3,0,0,0,0,0,0,0,0,0,0,0,0,0,0,0,0,0,0,0,0,1,0,87,217
"371",3532868,"NOVA CASTILHO",74.38,0.36,600.13,1125,0.756,0.755,0.823,0.694,0,0,0,0,0,0,0,0,0,0,0,0,0,0,0,0,0,0,0,0,0,0,0,0,0,0,0,0,271,62
"372",3532900,"NOVA EUROPA",77.11,0.39,697.32,9295,0.765,0.718,0.869,0.718,0,0,0,0,0,0,2,0,2,3,0,0,0,0,0,0,0,0,0,0,0,0,0,0,0,0,0,0,545,3454
"373",3533007,"NOVA GRANADA",74.05,0.44,737.29,19100,0.739,0.68,0.818,0.727,4,6,3,2,0,0,0,0,6,3,0,0,0,0,0,0,0,0,1,7,0,0,1,6,0,0,4,13,1204,2892
"374",3533106,"NOVA GUATAPORANGA",75.52,0.41,652.36,2173,0.726,0.644,0.842,0.707,0,0,0,0,0,0,2,0,0,0,0,0,0,0,0,0,0,0,0,0,0,0,0,0,0,0,0,0,66,237
"375",3533205,"NOVA INDEPENDÊNCIA",74.63,0.36,533.68,2992,0.735,0.711,0.827,0.675,0,0,2,0,0,0,0,0,0,0,0,0,0,0,0,0,0,0,0,0,0,0,0,0,0,0,0,0,182,1668
"376",3533254,"NOVAIS",74.32,0.45,671.15,4592,0.719,0.634,0.822,0.712,1,0,0,0,0,0,0,0,3,2,0,0,0,0,0,0,0,0,0,0,0,0,0,0,1,0,1,1,191,514
"377",3533304,"NOVA LUZITÂNIA",73.49,0.35,643.07,3431,0.743,0.719,0.808,0.705,0,0,1,0,0,0,0,0,1,0,0,0,0,0,0,0,0,0,1,0,0,0,0,0,0,0,0,0,304,279
"378",3533403,"NOVA ODESSA",76.68,0.41,878.14,50978,0.791,0.762,0.861,0.755,24,374,31,56,0,0,0,0,59,325,2,26,4,16,0,0,0,0,3,31,0,0,0,0,6,0,46,1098,2548,19490
"379",3533502,"NOVO HORIZONTE",76.92,0.45,806.75,36479,0.753,0.665,0.865,0.741,8,19,18,67,7,9,2,1,33,38,1,2,0,0,1,0,3,0,2,4,2,0,0,0,3,0,36,73,2917,9578
"380",3533601,"NUPORANGA",76.94,0.45,751.92,6783,0.746,0.656,0.866,0.73,1,0,1,1,0,0,2,9,10,10,0,0,0,0,0,0,1,41,0,0,0,0,0,0,3,0,3,0,708,3093
"381",3533700,"OCAUÇU",74.81,0.39,547.66,4155,0.717,0.653,0.83,0.679,0,0,2,0,0,0,29,120,1,0,0,0,0,0,0,0,0,0,0,0,0,0,0,0,1,2,0,0,307,858
"382",3533809,"ÓLEO",76.46,0.43,676.94,2673,0.73,0.637,0.858,0.713,1,0,1,0,1,0,34,8,1,0,0,0,0,0,0,0,0,0,0,0,0,0,0,0,0,0,0,0,627,334
"383",3533908,"OLÍMPIA",77.02,0.43,783.14,49865,0.773,0.724,0.867,0.737,28,123,25,123,0,0,1,0,48,105,7,35,0,0,0,0,0,0,1,1,0,0,1,0,3,0,18,39,3629,16313
"384",3534005,"ONDA VERDE",76.78,0.34,597.67,3853,0.738,0.671,0.863,0.693,0,0,2,2,0,0,0,0,1,0,0,0,0,0,0,0,0,0,1,0,0,0,0,0,0,0,1,2,232,2440
"385",3534104,"ORIENTE",75.22,0.44,694.16,6085,0.77,0.761,0.837,0.717,1,1,5,5,0,0,4,11,2,0,0,0,0,0,0,0,0,0,0,0,0,0,0,0,0,0,1,1,295,885
"386",3534203,"ORINDIÚVA",74.42,0.38,699.63,5643,0.767,0.762,0.824,0.719,1,0,1,0,0,0,0,0,0,0,1,2,0,0,0,0,0,0,0,0,0,0,0,0,0,0,0,0,463,3001
"387",3534302,"ORLÂNDIA",77.89,0.5,934.54,39610,0.78,0.703,0.882,0.765,8,28,18,93,0,0,1,0,33,29,1,0,1,4,0,0,1,1,4,6,0,0,1,23,4,0,10,24,2556,11820
"388",3534401,"OSASCO",75.42,0.53,1003.4,665237,0.776,0.718,0.84,0.776,103,748,126,179,0,0,0,0,330,1870,13,71,11,85,0,0,0,0,16,73,0,0,4,565,14,2,104,340,28218,162631
"389",3534500,"OSCAR BRESSANE",74.36,0.45,675.35,2537,0.749,0.715,0.823,0.713,0,0,0,0,0,0,1,3,2,0,0,0,0,0,0,0,2,23,0,0,0,0,0,0,0,0,1,32,182,459
"390",3534609,"OSVALDO CRUZ",75.22,0.46,797.55,29646,0.762,0.713,0.837,0.74,13,858,6,40,0,0,23,37,33,58,2,14,0,0,0,0,1,0,9,51,0,0,0,0,1,0,15,814,1911,7794
"391",3534708,"OURINHOS",76.53,0.5,868.91,102702,0.778,0.727,0.859,0.753,18,60,30,412,0,0,3,3,71,285,8,103,0,0,1,6,2,0,12,1153,20,337,0,0,7,1,24,186,4806,27939
"392",3534757,"OUROESTE",76.93,0.43,694.33,8332,0.77,0.736,0.866,0.717,1,0,5,7,1,0,0,0,6,3,1,1,0,0,0,0,0,0,1,1,0,0,0,0,0,0,4,5,494,2630
"393",3534807,"OURO VERDE",73.81,0.39,504.63,7796,0.692,0.612,0.814,0.666,1,6,0,0,0,0,0,0,1,1,0,0,0,0,0,0,1,0,0,0,2,14,0,0,0,0,1,2,246,712
"394",3534906,"PACAEMBU",75.6,0.45,694.16,10857,0.725,0.631,0.843,0.717,1,0,3,21,0,0,17,8,9,8,1,1,0,0,0,0,0,0,0,0,0,0,0,0,0,0,1,0,804,2119
"395",3535002,"PALESTINA",75.88,0.4,692.43,11023,0.732,0.645,0.848,0.717,1,1,4,0,0,0,0,0,5,217,0,0,0,0,0,0,0,0,0,0,0,0,0,0,0,0,1,0,1782,3543
"396",3535101,"PALMARES PAULISTA",75.21,0.34,615.01,10922,0.722,0.645,0.837,0.698,0,0,3,0,0,0,0,0,1,0,1,2,0,0,0,0,0,0,2,0,0,0,0,0,0,0,0,0,345,808
"397",3535200,"PALMEIRA D'OESTE",74.76,0.42,707.38,9556,0.753,0.714,0.829,0.72,1,0,1,2,1,4,0,0,5,12,1,0,0,0,0,0,0,0,0,0,0,0,0,0,1,0,2,1,448,1067
"398",3535309,"PALMITAL",73.83,0.44,739.37,21159,0.746,0.702,0.814,0.727,7,27,4,8,0,0,0,0,21,18,2,23,0,0,0,0,1,4,2,0,3,33,0,0,1,0,7,14,1186,4199
"399",3535408,"PANORAMA",73.81,0.51,722.51,14525,0.722,0.639,0.814,0.724,1,4,2,2,0,0,0,0,10,20,0,0,0,0,0,0,0,0,0,0,82,763,1,0,1,0,1,0,729,2684
"400",3535507,"PARAGUAÇU PAULISTA",75.18,0.45,694.42,40879,0.762,0.739,0.836,0.717,8,14,9,9,0,0,5,0,22,97,0,0,0,0,0,0,0,0,3,1,2,15,0,0,1,0,6,10,2696,12801
"401",3535606,"PARAIBUNA",73.91,0.51,657.59,17263,0.719,0.642,0.815,0.709,1,13,3,13,0,0,1,1,7,63,0,0,0,0,0,0,6,22,1,6,4,0,0,0,0,0,0,0,661,2697
"402",3535705,"PARAÍSO",75.19,0.45,855.28,5891,0.749,0.668,0.837,0.751,1,12,3,2,0,0,0,0,5,14,0,0,0,0,0,0,0,0,0,0,0,0,0,0,0,0,5,0,800,1883
"403",3535804,"PARANAPANEMA",75.31,0.47,613.31,17712,0.717,0.631,0.839,0.697,3,38,5,7,14,19,0,0,7,3,2,5,0,0,0,0,1,0,2,2,0,0,0,0,0,0,4,81,1256,4815
"404",3535903,"PARANAPUÃ",75.52,0.45,670.18,3813,0.732,0.655,0.842,0.712,0,0,2,0,7,0,0,0,3,4,0,0,0,0,0,0,0,0,0,0,0,0,0,0,0,0,0,0,182,770
"405",3536000,"PARAPUÃ",74.78,0.42,597.44,10806,0.737,0.696,0.83,0.693,1,0,4,14,0,0,16,24,4,3,1,16,1,12,0,0,0,0,0,0,1,0,0,0,1,0,10,3,689,2859
"406",3536109,"PARDINHO",74.23,0.46,696.71,5544,0.727,0.652,0.821,0.718,0,0,1,18,0,0,17,41,2,0,0,0,0,0,0,0,2,112,0,0,0,0,0,0,0,0,0,0,355,2268
"407",3536208,"PARIQUERA-AÇU",76.7,0.47,557.69,18365,0.736,0.678,0.862,0.682,1,0,3,3,32,243,0,0,6,10,3,27,0,0,0,0,0,0,1,0,0,0,1,0,1,0,4,7,735,4316
"408",3536257,"PARISI",75.5,0.4,705.62,2032,0.721,0.619,0.842,0.72,1,12,1,0,0,0,0,0,1,0,0,0,0,0,0,0,1,0,0,0,0,0,0,0,1,0,1,1,104,339
"409",3536307,"PATROCÍNIO PAULISTA",74.55,0.42,607.51,12963,0.73,0.678,0.826,0.696,3,4,3,10,1,2,80,223,3,5,0,0,0,0,0,0,2,12,0,0,0,0,0,0,3,0,2,1,771,4268
"410",3536406,"PAULICÉIA",73.64,0.44,592.42,6249,0.711,0.64,0.811,0.692,0,0,2,9,0,0,0,0,1,0,1,0,0,0,0,0,0,0,0,0,20,138,0,0,0,0,0,0,358,2022
"411",3536505,"PAULÍNIA",76.83,0.48,1160.79,82005,0.795,0.727,0.864,0.8,21,153,48,219,4,2,0,0,56,722,4,29,0,0,0,0,0,0,5,4,0,0,4,46,31,35,20,321,5362,46650
"412",3536570,"PAULISTÂNIA",74.04,0.43,560.94,1772,0.718,0.663,0.817,0.683,0,0,3,0,0,0,0,0,0,0,0,0,0,0,0,0,0,0,0,0,0,0,0,0,0,0,1,0,143,314
"413",3536604,"PAULO DE FARIA",73,0.51,708.63,8532,0.725,0.662,0.8,0.721,1,4,0,0,1,0,0,0,1,4,0,0,0,0,0,0,0,0,0,0,1,0,0,0,0,0,2,0,836,1003
"414",3536703,"PEDERNEIRAS",73.74,0.49,788.42,41334,0.739,0.673,0.812,0.738,10,151,15,1556,0,0,0,0,28,173,2,427,4,5,0,0,0,0,3,2,6,43,1,0,0,0,9,7,2126,12153
"415",3536802,"PEDRA BELA",72.77,0.41,521.38,5750,0.677,0.581,0.796,0.671,1,0,0,0,0,0,1,0,3,3,0,0,0,0,0,0,1,0,0,0,4,1,0,0,0,0,3,32,275,905
"416",3536901,"PEDRANÓPOLIS",76.26,0.38,615.77,2558,0.742,0.684,0.854,0.698,1,0,1,0,0,0,0,0,0,0,0,0,0,0,0,0,0,0,2,11,0,0,0,0,0,0,0,0,569,448
"417",3537008,"PEDREGULHO",74.2,0.49,690.08,15633,0.715,0.623,0.82,0.716,3,4,5,2,2,9,525,769,28,271,0,0,1,0,0,0,1,5,0,0,0,0,0,0,1,0,3,0,1574,3082
"418",3537107,"PEDREIRA",76.82,0.42,853.76,41401,0.769,0.701,0.864,0.75,16,31,7,5,0,0,4,2,86,350,4,338,4,25,0,0,0,0,0,0,3,4,0,0,1,0,22,543,2242,13352
"419",3537156,"PEDRINHAS PAULISTA",75.19,0.56,847.63,2939,0.774,0.739,0.837,0.749,0,0,1,2,0,0,0,0,2,2,0,0,0,0,0,0,0,0,1,0,0,0,0,0,0,0,0,0,160,608
"420",3537206,"PEDRO DE TOLEDO",73.71,0.47,467.93,10160,0.696,0.634,0.812,0.654,1,0,1,0,20,65,0,0,0,0,1,0,0,0,0,0,1,0,0,0,0,0,0,0,0,0,0,0,196,929
"421",3537305,"PENÁPOLIS",76.55,0.47,840.16,58257,0.759,0.68,0.859,0.748,18,70,26,161,3,8,20,7,85,790,4,23,0,0,1,1,6,17,2,3,23,44,1,2,5,1,37,395,4752,14448
"422",3537404,"PEREIRA BARRETO",75.71,0.48,743.94,24618,0.766,0.732,0.845,0.728,7,11,6,26,3,5,0,0,25,19,0,0,0,0,0,0,1,0,0,0,1,51,0,0,1,0,6,7,1484,5365
"423",3537503,"PEREIRAS",77.35,0.44,692.35,7450,0.736,0.637,0.873,0.717,1,2,4,3,0,0,0,0,5,4,1,0,0,0,0,0,3,6,0,0,3,50,0,0,1,0,8,36,621,2506
"424",3537602,"PERUÍBE",76.24,0.53,753.85,59434,0.749,0.675,0.854,0.73,11,1,4,1,7,21,0,0,29,99,1,6,0,0,0,0,0,0,1,0,0,0,0,0,1,0,7,27,2592,9792
"425",3537701,"PIACATU",75.57,0.4,553.99,5098,0.732,0.684,0.843,0.681,0,0,0,0,0,0,2,0,8,326,0,0,0,0,0,0,0,0,0,0,0,0,0,0,1,0,0,0,272,994
"426",3537800,"PIEDADE",75.87,0.47,601.32,51436,0.716,0.624,0.848,0.694,9,58,25,27,0,0,0,0,38,108,0,0,0,0,0,0,0,0,0,0,3,4,0,0,1,0,3,8,2680,7903
"427",3537909,"PILAR DO SUL",74.18,0.43,531.06,26226,0.69,0.594,0.82,0.674,3,0,8,15,0,0,0,0,10,27,2,1,0,0,0,0,0,0,0,0,4,0,0,0,2,0,6,102,1454,5707
"428",3538006,"PINDAMONHANGABA",75.58,0.52,826.02,146392,0.773,0.736,0.843,0.745,15,11,34,211,1,2,1,2,98,310,7,46,2,11,0,0,1,9,5,8,0,0,4,58,4,1,23,17,5711,32635
"429",3538105,"PINDORAMA",75.51,0.39,732.68,14894,0.737,0.654,0.842,0.726,3,1,16,492,0,0,0,0,14,9,2,7,0,0,0,0,0,0,0,0,0,0,0,0,0,0,7,18,1073,2485
"430",3538204,"PINHALZINHO",73.49,0.42,652.43,13016,0.725,0.666,0.808,0.707,0,0,2,4,0,0,2,1,7,10,1,11,1,29,0,0,0,0,1,0,3,19,0,0,3,12,18,175,686,2141
"431",3538303,"PIQUEROBI",75.18,0.42,514.47,3522,0.711,0.644,0.836,0.669,0,0,0,0,0,0,0,0,0,0,0,0,0,0,0,0,1,32,0,0,0,0,0,0,0,0,4,36,160,551
"432",3538501,"PIQUETE",74.38,0.49,665.74,14022,0.757,0.74,0.823,0.711,1,0,2,47,3,1,0,0,3,3,0,0,0,0,0,0,0,0,0,0,0,0,0,0,1,0,1,0,416,1405
"433",3538600,"PIRACAIA",76.03,0.57,893.05,25013,0.739,0.625,0.851,0.758,3,0,19,16,0,0,0,0,39,37,1,9,0,0,0,0,1,0,1,30,14,39,0,0,0,0,31,650,1448,4807
"434",3538709,"PIRACICABA",75.88,0.52,1143.2,363011,0.785,0.717,0.848,0.797,88,1012,213,1625,1,0,2,0,392,1371,16,215,5,43,5,30,2,0,28,118,26,1020,3,45,24,4,75,1181,21008,123221
"435",3538808,"PIRAJU",75.59,0.48,801.23,28356,0.758,0.699,0.843,0.74,10,10,16,36,0,0,113,122,21,34,0,0,0,0,0,0,0,0,1,2,1,1,0,0,3,1,20,326,1921,6024
"436",3538907,"PIRAJUÍ",76.18,0.47,770.38,19560,0.749,0.672,0.853,0.734,5,35,2,0,0,0,9,6,14,8,0,0,0,0,0,0,0,0,2,0,0,0,0,0,1,0,8,42,1160,3701
"437",3539004,"PIRANGI",75.19,0.38,774.99,10575,0.756,0.701,0.837,0.735,2,8,3,2,0,0,2,0,5,12,0,0,0,0,0,0,0,0,0,0,0,0,0,0,2,1,3,29,1075,2497
"438",3539103,"PIRAPORA DO BOM JESUS",73.59,0.47,546.69,15703,0.727,0.698,0.81,0.679,0,0,3,25,0,0,0,0,3,6,0,0,0,0,0,0,0,0,0,0,0,0,0,0,1,0,1,0,629,2314
"439",3539202,"PIRAPOZINHO",76.79,0.52,798,24590,0.776,0.733,0.863,0.74,5,4,1,9,0,0,0,0,20,44,0,0,0,0,0,0,0,0,0,0,0,0,0,0,1,0,12,27,1155,5483
"440",3539301,"PIRASSUNUNGA",78.03,0.51,1086.22,69832,0.801,0.736,0.884,0.789,8,30,20,7,4,1,1,0,38,41,1,1,0,0,12,173,0,0,11,893,0,0,1,17,3,1,14,96,4266,22195
"441",3539400,"PIRATININGA",76.53,0.48,917.62,11803,0.779,0.723,0.859,0.762,4,10,3,8,0,0,2,1,12,7,3,22,0,0,0,0,0,0,2,7,0,0,0,0,0,0,2,23,840,1923
"442",3539509,"PITANGUEIRAS",74.77,0.41,620.66,35242,0.723,0.651,0.83,0.699,2,18,10,47,0,0,0,0,8,11,1,4,0,0,0,0,0,0,0,0,2,6,0,0,1,0,5,29,1427,7831
"443",3539608,"PLANALTO",76.19,0.37,560.64,4463,0.719,0.639,0.853,0.683,0,0,0,0,0,0,0,0,1,0,0,0,0,0,0,0,0,0,0,0,5,23,0,0,0,0,1,0,467,2056
"444",3539707,"PLATINA",74.41,0.49,591.1,3192,0.719,0.652,0.824,0.691,0,0,0,0,0,0,0,0,2,0,0,0,0,0,0,0,0,0,0,0,0,0,0,0,0,0,0,0,124,521
"445",3539806,"POÁ",76.33,0.43,664.31,105717,0.771,0.754,0.856,0.71,12,157,33,18,0,0,0,0,60,100,3,1,2,4,0,0,0,0,8,127,0,0,1,28,8,6,48,283,4743,26410
"446",3539905,"POLONI",76.18,0.39,778.41,5385,0.766,0.717,0.853,0.736,0,0,1,1,0,0,0,0,4,5,0,0,0,0,0,0,0,0,0,0,0,0,0,0,0,0,1,0,292,956
"447",3540002,"POMPÉIA",76.81,0.47,850.38,19896,0.786,0.748,0.864,0.75,3,8,30,2190,0,0,7,9,15,31,3,504,5,23,0,0,3,0,1,47,0,0,3,39,0,0,4,9,1681,7579
"448",3540101,"PONGAÍ",75.65,0.45,736.33,3447,0.755,0.701,0.844,0.727,2,0,0,0,0,0,5,0,6,3,1,5,0,0,0,0,0,0,1,0,0,0,0,0,0,0,7,4,351,447
"449",3540200,"PONTAL",75.27,0.44,699.28,40083,0.725,0.633,0.838,0.718,3,1,31,383,0,0,0,0,15,34,0,0,0,0,0,0,0,0,0,0,0,0,0,0,3,0,3,1,1280,9652
"450",3540259,"PONTALINDA",75.84,0.38,541.56,4050,0.702,0.604,0.847,0.677,1,0,0,0,0,0,2,0,2,0,0,0,0,0,0,0,0,0,0,0,0,0,0,0,0,0,4,25,196,371
"451",3540309,"PONTES GESTAL",73.3,0.38,642.68,2515,0.732,0.69,0.805,0.705,1,0,1,0,0,0,0,0,1,0,0,0,0,0,0,0,0,0,0,0,0,0,0,0,0,0,1,0,95,592
"452",3540408,"POPULINA",73.25,0.41,621.48,4208,0.714,0.647,0.804,0.699,0,0,0,0,0,0,1,0,1,0,0,0,0,0,0,0,0,0,0,0,0,0,0,0,0,0,0,0,135,522
"453",3540507,"PORANGABA",76.81,0.48,606.65,8306,0.703,0.578,0.864,0.696,3,163,1,0,0,0,0,0,1,1,0,0,0,0,1,9,0,0,0,0,2,0,0,0,0,0,2,70,432,1391
"454",3540606,"PORTO FELIZ",75.14,0.45,785.76,48375,0.758,0.706,0.836,0.737,6,55,11,38,0,0,1,0,24,191,4,148,0,0,0,0,1,14,2,58,5,13,1,4,5,0,41,1292,2429,15993
"455",3540705,"PORTO FERREIRA",74.63,0.45,779,51290,0.751,0.696,0.827,0.736,28,353,6,6,0,0,0,0,48,115,0,0,1,0,0,0,0,0,2,1,20,557,0,0,2,1,18,51,3277,15504
"456",3540754,"POTIM",73.38,0.37,460.22,16751,0.697,0.646,0.806,0.651,2,1,0,0,0,0,0,0,7,29,0,0,0,0,0,0,0,0,0,0,0,0,0,0,0,0,5,3,397,1339
"457",3540804,"POTIRENDABA",76.41,0.4,785.96,15418,0.747,0.661,0.857,0.737,7,5,8,17,3,0,36,3,8,14,2,2,1,2,0,0,0,0,0,0,0,0,0,0,1,0,19,53,2175,4462
"458",3540853,"PRACINHA",73.82,0.38,480.62,1521,0.696,0.629,0.814,0.658,0,0,0,0,0,0,0,0,0,0,0,0,0,0,0,0,0,0,0,0,0,0,0,0,0,0,1,25,102,274
"459",3540903,"PRADÓPOLIS",74.34,0.45,788.76,17316,0.733,0.65,0.822,0.738,4,11,20,64,0,0,0,0,13,63,0,0,0,0,0,0,0,0,0,0,0,0,0,0,2,0,1,0,894,7169
"460",3541000,"PRAIA GRANDE",75.04,0.49,820.97,261424,0.754,0.692,0.834,0.744,28,76,14,35,0,0,0,0,84,329,3,15,0,0,0,0,0,0,6,10,0,0,2,0,0,0,28,98,11210,52874
"461",3541059,"PRATÂNIA",72.86,0.4,553.4,4599,0.701,0.633,0.798,0.681,0,0,3,1,0,0,36,20,2,6,0,0,0,0,0,0,0,0,0,0,0,0,0,0,0,0,0,0,360,1270
"462",3541109,"PRESIDENTE ALVES",73.65,0.47,665.72,4106,0.735,0.689,0.811,0.711,0,0,0,0,0,0,2,0,2,1,0,0,0,0,0,0,0,0,0,0,0,0,0,0,0,0,0,0,202,563
"463",3541208,"PRESIDENTE BERNARDES",75.34,0.46,695.29,13492,0.757,0.719,0.839,0.718,0,0,1,1,0,0,1,0,8,6,0,0,0,0,0,0,0,0,0,0,0,0,0,0,0,0,1,2,1118,2515
"464",3541307,"PRESIDENTE EPITÁCIO",75.72,0.47,680.56,40865,0.75,0.7,0.845,0.714,8,7,9,9,0,0,0,0,23,78,2,148,0,0,0,0,0,0,1,0,9,115,1,0,0,0,7,19,2671,5639
"465",3541406,"PRESIDENTE PRUDENTE",76.49,0.54,1080.22,205558,0.806,0.774,0.858,0.788,63,210,51,180,0,0,1,0,226,655,5,32,0,0,3,86,5,142,16,65,1,0,3,6,10,0,99,228,14065,66120
"466",3541505,"PRESIDENTE VENCESLAU",75.19,0.49,846.18,36387,0.763,0.708,0.837,0.749,9,30,3,2,0,0,0,0,23,45,0,0,1,0,0,0,0,0,1,0,0,0,0,0,0,0,25,108,1881,5967
"467",3541604,"PROMISSÃO",75.99,0.43,726,35331,0.743,0.666,0.85,0.724,2,0,4,35,3,0,6,0,17,71,2,9,0,0,0,0,3,0,0,0,2,0,1,0,3,0,3,2,2012,8986
"468",3541653,"QUADRA",74.3,0.49,625.35,3229,0.678,0.541,0.822,0.7,0,0,3,4,2,0,0,0,0,0,0,0,0,0,0,0,1,2,0,0,0,0,0,0,0,0,1,4,219,609
"469",3541703,"QUATÁ",73.84,0.41,648.64,12700,0.738,0.7,0.814,0.706,1,7,10,81,0,0,1,0,5,13,0,0,0,0,0,0,0,0,0,0,0,0,0,0,2,1,2,0,584,3842
"470",3541802,"QUEIROZ",73.65,0.42,491.84,2804,0.715,0.681,0.811,0.662,0,0,0,0,0,0,0,0,0,0,0,0,0,0,0,0,0,0,0,0,0,0,0,0,0,0,0,0,141,3021
"471",3541901,"QUELUZ",74.38,0.46,500.25,10636,0.722,0.687,0.823,0.665,0,0,0,0,0,0,0,0,0,0,1,71,0,0,0,0,0,0,0,0,0,0,0,0,0,0,0,0,243,1677
"472",3542008,"QUINTANA",73.65,0.43,581.09,6004,0.732,0.703,0.811,0.689,2,1,6,47,0,0,0,0,4,3,0,0,0,0,0,0,0,0,0,0,0,0,0,0,0,0,0,0,382,1287
"473",3542107,"RAFARD",74.37,0.4,717.07,8603,0.745,0.696,0.823,0.722,1,2,3,0,0,0,0,0,3,0,6,64,0,0,0,0,0,0,0,0,0,0,0,0,0,0,26,126,419,2595
"474",3542206,"RANCHARIA",76.64,0.47,707.37,28705,0.751,0.683,0.861,0.72,5,8,6,3,0,0,0,0,27,18,0,0,0,0,0,0,2,203,1,0,0,0,0,0,4,0,5,3,1854,6989
"475",3542305,"REDENÇÃO DA SERRA",72.95,0.45,411.77,3858,0.657,0.56,0.799,0.633,0,0,1,1,0,0,0,0,3,6,0,0,0,0,0,0,2,13,0,0,0,0,0,0,0,0,2,0,237,934
"476",3542404,"REGENTE FEIJÓ",74.1,0.46,774.14,18456,0.768,0.752,0.818,0.735,1,0,2,2,0,0,1,1,8,11,1,25,0,0,0,0,0,0,0,0,1,11,0,0,0,0,4,17,948,4959
"477",3542503,"REGINÓPOLIS",74.04,0.41,685.32,5267,0.728,0.66,0.817,0.715,1,1,0,0,0,0,1,0,4,3,0,0,0,0,0,0,0,0,0,0,0,0,0,0,0,0,1,2,263,1073
"478",3542602,"REGISTRO",76.08,0.52,699.41,54129,0.754,0.702,0.851,0.718,3,3,8,20,109,550,0,0,22,67,5,23,0,0,0,0,2,40,5,5,2,10,0,0,5,0,8,92,2405,13550
"479",3542701,"RESTINGA",74.55,0.38,499.24,6568,0.705,0.639,0.826,0.664,0,0,0,0,0,0,66,194,9,27,0,0,0,0,0,0,1,7,0,0,0,0,0,0,0,0,4,6,432,1656
"480",3542800,"RIBEIRA",72.83,0.47,416.85,3325,0.698,0.673,0.797,0.635,0,0,0,0,1,2,0,0,1,0,0,0,0,0,0,0,0,0,0,0,0,0,0,0,0,0,0,0,138,530
"481",3542909,"RIBEIRÃO BONITO",73.66,0.46,673.96,12087,0.712,0.625,0.811,0.712,0,0,4,1,1,0,3,27,2,1,0,0,0,0,0,0,0,0,1,0,0,0,1,0,0,0,1,42,563,1753
"482",3543006,"RIBEIRÃO BRANCO",72.83,0.46,318.44,18229,0.639,0.553,0.797,0.592,1,1,4,0,0,0,0,0,3,9,1,0,0,0,0,0,0,0,0,0,0,0,0,0,0,0,2,0,1508,3553
"483",3543105,"RIBEIRÃO CORRENTE",73.86,0.42,579.04,4269,0.711,0.642,0.814,0.688,0,0,3,0,0,0,245,269,1,0,0,0,0,0,0,0,1,18,0,0,0,0,0,0,2,0,0,0,409,722
"484",3543204,"RIBEIRÃO DO SUL",74.05,0.59,866.43,4446,0.747,0.676,0.818,0.753,1,2,1,1,0,0,2,2,3,4,1,2,0,0,0,0,0,0,0,0,2,1,0,0,0,0,3,36,248,607
"485",3543238,"RIBEIRÃO DOS ÍNDIOS",73.52,0.38,489.94,2187,0.721,0.701,0.809,0.661,0,0,0,0,0,0,1,1,1,0,1,3,0,0,0,0,0,0,0,0,0,0,0,0,0,0,2,16,85,321
"486",3543253,"RIBEIRÃO GRANDE",73.43,0.41,436.21,7406,0.705,0.676,0.807,0.643,0,0,4,0,0,0,0,0,3,0,0,0,0,0,0,0,0,0,0,0,0,0,0,0,0,0,1,0,486,597
"487",3543303,"RIBEIRÃO PIRES",75.81,0.44,847.11,112775,0.784,0.76,0.847,0.749,20,259,51,112,0,0,0,0,40,263,2,2,3,5,0,0,0,0,2,10,0,0,0,0,8,0,27,107,3717,21585
"488",3543402,"RIBEIRÃO PRETO",75.65,0.54,1314.04,599026,0.8,0.739,0.844,0.82,166,737,254,1868,0,0,4,3,860,2368,31,1382,8,45,3,21,2,0,83,559,2,1,7,41,84,17,190,759,48744,235784
"489",3543501,"RIVERSUL",72.94,0.5,412.42,6133,0.664,0.577,0.799,0.634,1,0,0,0,0,0,0,0,4,32,0,0,0,0,0,0,0,0,0,0,0,0,0,0,0,0,2,23,194,585
"490",3543600,"RIFAINA",74.42,0.45,677.62,3414,0.74,0.69,0.824,0.713,0,0,1,0,0,0,5,2,2,0,0,0,0,0,0,0,0,0,1,0,0,0,0,0,1,0,2,0,309,910
"491",3543709,"RINCÃO",74.53,0.44,626.27,10271,0.734,0.682,0.826,0.701,0,0,2,13,0,0,0,0,6,2,0,0,0,0,0,0,0,0,0,0,11,86,0,0,0,0,1,3,376,1411
"492",3543808,"RINÓPOLIS",75.59,0.43,606.9,9923,0.723,0.644,0.843,0.696,2,2,25,339,1,0,4,3,7,3,0,0,0,0,0,0,0,0,1,0,0,0,0,0,0,0,2,0,457,1860
"493",3543907,"RIO CLARO",76.72,0.5,1049.16,185172,0.803,0.766,0.862,0.784,45,370,70,129,1,0,2,1,168,732,10,96,14,74,1,12,1,2,30,1806,23,2358,5,10,14,0,67,229,9861,64063
"494",3544004,"RIO DAS PEDRAS",75.49,0.45,804,29409,0.759,0.7,0.842,0.741,7,33,10,3,0,0,1,0,17,30,0,0,0,0,0,0,0,0,0,0,0,0,0,0,6,1,16,382,1245,8776
"495",3544103,"RIO GRANDE DA SERRA",74.36,0.39,563.57,43744,0.749,0.745,0.823,0.684,7,5,1,0,0,0,0,0,6,4,1,7,0,0,0,0,0,0,0,0,1,0,0,0,0,0,3,2,633,3576
"496",3544202,"RIOLÂNDIA",74.04,0.4,539.22,9308,0.703,0.629,0.817,0.677,1,0,1,0,0,0,0,0,4,0,0,0,0,0,0,0,0,0,0,0,0,0,1,0,0,0,1,0,767,1055
"497",3544251,"ROSANA",74.1,0.6,843.59,19618,0.764,0.728,0.818,0.749,3,7,3,1,0,0,3,0,5,19,0,0,0,0,0,0,1,0,0,0,0,0,0,0,0,0,4,4,1233,2481
"498",3544301,"ROSEIRA",74.38,0.43,588.39,9519,0.737,0.704,0.823,0.691,0,0,2,2,0,0,0,0,4,268,0,0,0,0,0,0,0,0,0,0,0,0,0,0,0,0,5,20,509,2402
"499",3544400,"RUBIÁCEA",74.17,0.37,565.62,2729,0.721,0.668,0.82,0.684,0,0,0,0,0,0,0,0,2,0,0,0,0,0,0,0,0,0,0,0,0,0,0,0,0,0,1,0,142,518
"500",3544509,"RUBINÉIA",75.64,0.39,676.48,2850,0.759,0.726,0.844,0.713,0,0,1,0,0,0,0,0,1,1,0,0,0,0,0,0,0,0,1,0,0,0,0,0,0,0,0,0,152,635
"501",3544608,"SABINO",73.76,0.41,655.4,5214,0.728,0.671,0.813,0.708,0,0,1,0,0,0,1,0,2,1,0,0,0,0,0,0,0,0,0,0,0,0,0,0,0,0,0,0,187,561
"502",3544707,"SAGRES",74.78,0.47,592.88,2395,0.73,0.677,0.83,0.692,0,0,0,0,0,0,5,2,0,0,0,0,0,0,0,0,0,0,0,0,0,0,0,0,0,0,2,49,122,328
"503",3544806,"SALES",76.56,0.42,654.79,5426,0.751,0.697,0.859,0.708,4,2,0,0,0,0,0,0,7,18,0,0,0,0,0,0,0,0,0,0,1,0,0,0,0,0,5,32,360,864
"504",3544905,"SALES OLIVEIRA",75.71,0.43,789.73,10538,0.772,0.739,0.845,0.738,7,26,2,38,1,1,2,47,12,173,0,0,0,0,0,0,1,0,0,0,0,0,0,0,0,0,5,4,658,2534
"505",3545001,"SALESÓPOLIS",74.75,0.42,576.55,15565,0.732,0.69,0.829,0.687,0,0,6,14,0,0,0,0,2,0,1,3,0,0,0,0,0,0,0,0,0,0,0,0,0,0,0,0,619,2138
"506",3545100,"SALMOURÃO",75.77,0.39,544.52,4775,0.719,0.649,0.846,0.678,0,0,0,0,0,0,5,5,1,0,0,0,0,0,0,0,0,0,0,0,0,0,0,0,0,0,1,34,106,441
"507",3545159,"SALTINHO",76.39,0.39,967.88,7053,0.791,0.75,0.857,0.771,1,0,4,3,2,1,0,0,12,26,0,0,0,0,0,0,0,0,0,0,3,2,0,0,6,5,9,57,655,1500
"508",3545209,"SALTO",75.19,0.45,876.67,105198,0.78,0.751,0.837,0.755,19,75,37,106,0,0,1,0,75,273,6,77,14,128,0,0,0,0,3,3,7,77,2,42,8,0,38,73,5145,31006
"509",3545308,"SALTO DE PIRAPORA",75.04,0.44,618.93,39223,0.729,0.665,0.834,0.699,6,174,9,37,0,0,1,1,18,96,0,0,1,0,0,0,0,0,0,0,2,45,0,0,1,0,5,6,1177,6318
"510",3545407,"SALTO GRANDE",74.5,0.42,499.65,8693,0.704,0.637,0.825,0.664,0,0,2,17,0,0,0,0,1,0,0,0,0,0,0,0,0,0,0,0,0,0,0,0,0,0,0,0,333,1409
"511",3545506,"SANDOVALINA",73.73,0.43,502.4,3675,0.709,0.659,0.812,0.665,0,0,1,0,0,0,0,0,0,0,0,0,0,0,0,0,0,0,0,0,0,0,0,0,0,0,1,0,157,2134
"512",3545605,"SANTA ADÉLIA",75.08,0.43,853.14,14215,0.76,0.702,0.835,0.75,2,4,4,0,0,0,0,0,4,0,0,0,0,0,0,0,0,0,0,0,0,0,0,0,0,0,5,0,1388,4625
"513",3545704,"SANTA ALBERTINA",73.51,0.42,686.89,5662,0.728,0.665,0.809,0.716,1,1,0,0,1,0,0,0,1,0,0,0,0,0,0,0,0,0,0,0,0,0,0,0,0,0,0,0,276,2976
"514",3545803,"SANTA BÁRBARA D'OESTE",77.04,0.41,863.02,179631,0.781,0.731,0.867,0.752,38,251,117,345,0,0,0,0,153,321,5,9,10,75,2,9,0,0,5,244,1,0,1,23,8,0,197,1993,7110,44758
"515",3546009,"SANTA BRANCA",74.68,0.47,645.59,13710,0.735,0.678,0.828,0.706,0,0,6,2,1,20,3,9,5,8,0,0,0,0,0,0,0,0,0,0,0,0,1,5,1,0,8,22,649,2142
"516",3546108,"SANTA CLARA D'OESTE",73.25,0.45,672.98,2084,0.733,0.687,0.804,0.712,0,0,0,0,0,0,0,0,0,0,0,0,0,0,0,0,0,0,0,0,0,0,0,0,0,0,0,0,111,771
"517",3546207,"SANTA CRUZ DA CONCEIÇÃO",77.56,0.67,1400.46,3991,0.79,0.679,0.876,0.83,1,2,0,0,0,0,0,0,5,3,0,0,0,0,0,0,0,0,1,0,7,379,0,0,0,0,0,0,364,1195
"518",3546256,"SANTA CRUZ DA ESPERANÇA",74.89,0.53,700.57,1953,0.743,0.686,0.832,0.719,0,0,1,1,0,0,4,0,0,0,0,0,0,0,0,0,0,0,0,0,2,0,0,0,0,0,0,0,248,400
"519",3546306,"SANTA CRUZ DAS PALMEIRAS",73.87,0.51,829.66,29824,0.728,0.635,0.815,0.746,2,6,9,5,0,0,4,18,21,64,0,0,0,0,0,0,0,0,2,4,2,14,0,0,1,0,8,39,1464,5757
"520",3546405,"SANTA CRUZ DO RIO PARDO",77,0.46,818.3,43593,0.762,0.686,0.867,0.744,10,26,24,32,3,0,46,3,99,295,4,117,0,0,0,0,0,0,1,0,0,0,0,0,1,0,19,79,4954,15234
"521",3546504,"SANTA ERNESTINA",73.14,0.42,688.24,5551,0.738,0.699,0.802,0.716,0,0,1,0,0,0,0,0,1,1,0,0,0,0,0,0,0,0,0,0,0,0,0,0,1,1,0,0,216,543
"522",3546603,"SANTA FÉ DO SUL",75.41,0.49,924.06,29081,0.784,0.751,0.84,0.763,9,11,11,3,3,8,1,0,28,72,2,8,2,3,1,1,2,88,3,7,0,0,2,1,2,0,13,182,2052,9242
"523",3546702,"SANTA GERTRUDES",75.84,0.38,718.03,21561,0.737,0.654,0.847,0.723,2,1,8,11,0,0,0,0,19,25,2,4,0,0,0,0,0,0,0,0,15,4627,0,0,1,0,5,3,1026,8228
"524",3546801,"SANTA ISABEL",75.02,0.45,623.11,50137,0.738,0.689,0.834,0.7,10,11,6,8,0,0,0,0,13,40,0,0,0,0,0,0,0,0,0,0,0,0,0,0,0,0,38,283,1895,10041
"525",3546900,"SANTA LÚCIA",74.1,0.39,609.37,8248,0.737,0.703,0.818,0.696,0,0,1,6,0,0,0,0,0,0,0,0,0,0,0,0,0,0,0,0,0,0,0,0,0,0,0,0,205,621
"526",3547007,"SANTA MARIA DA SERRA",74.18,0.45,578.55,5388,0.686,0.571,0.82,0.688,0,0,1,46,0,0,0,0,2,0,0,0,0,0,0,0,0,0,0,0,0,0,2,123,0,0,0,0,369,1208
"527",3547106,"SANTA MERCEDES",75.79,0.4,561.64,2831,0.739,0.699,0.847,0.683,0,0,0,0,0,0,0,0,1,11,0,0,0,0,0,0,0,0,0,0,0,0,0,0,0,0,0,0,134,363
"528",3547205,"SANTANA DA PONTE PENSA",75.41,0.42,856.78,1641,0.773,0.733,0.84,0.751,0,0,0,0,0,0,1,3,0,0,0,0,0,0,0,0,0,0,0,0,0,0,0,0,0,0,0,0,112,212
"529",3547304,"SANTANA DE PARNAÍBA",75.92,0.67,1858.69,108248,0.814,0.725,0.849,0.876,32,182,61,154,0,0,0,0,176,236,6,72,1,93,0,0,1,10,4,7,0,0,2,0,23,1,30,148,13193,55249
"530",3547403,"SANTA RITA D'OESTE",75.31,0.39,666.14,2543,0.761,0.74,0.839,0.711,0,0,0,0,0,0,0,0,0,0,0,0,0,0,0,0,0,0,0,0,0,0,0,0,0,0,0,0,119,333
"531",3547502,"SANTA RITA DO PASSA QUATRO",78.22,0.48,930.59,26068,0.775,0.686,0.887,0.764,3,22,6,15,5,14,8,15,27,86,2,2,1,0,0,0,1,0,3,41,2,23,0,0,1,0,14,99,1687,5465
"532",3547601,"SANTA ROSA DE VITERBO",77.1,0.5,829.2,23724,0.77,0.704,0.868,0.746,4,0,10,14,0,0,3,4,23,26,0,0,0,0,0,0,1,0,2,15,2,0,0,0,2,0,13,5,1622,4251
"533",3547650,"SANTA SALETE",76.83,0.35,673.2,1447,0.772,0.748,0.864,0.712,0,0,0,0,0,0,1,0,0,0,0,0,0,0,0,0,0,0,0,0,0,0,0,0,0,0,0,0,129,207
"534",3547700,"SANTO ANASTÁCIO",76.22,0.52,726.34,20413,0.753,0.689,0.854,0.725,4,10,4,13,0,0,0,0,11,26,0,0,0,0,0,0,0,0,2,56,0,0,0,0,0,0,8,13,1273,3338
"535",3547809,"SANTO ANDRÉ",76.66,0.53,1304.31,674948,0.815,0.769,0.861,0.819,134,508,272,1146,0,0,1,2,547,1688,18,236,34,161,3,10,3,3,39,197,0,0,1,3,65,3,234,875,36676,214217
"536",3547908,"SANTO ANTÔNIO DA ALEGRIA",74.8,0.42,585.63,6223,0.702,0.604,0.83,0.69,3,3,4,4,0,0,189,54,6,14,3,2,0,0,0,0,3,20,0,0,0,0,0,0,0,0,10,24,904,1125
"537",3548005,"SANTO ANTÔNIO DE POSSE",75.3,0.44,695.67,20591,0.702,0.576,0.838,0.718,4,3,14,520,0,0,4,14,18,67,0,0,0,0,0,0,0,0,1,1,1,0,4,139,1,0,2,3,1365,7918
"538",3548054,"SANTO ANTÔNIO DO ARACANGUÁ",75.41,0.41,662.71,7621,0.757,0.728,0.84,0.71,0,0,1,12,0,0,0,0,8,155,0,0,0,0,0,0,1,97,0,0,1,3,0,0,0,0,3,14,727,1642
"539",3548104,"SANTO ANTÔNIO DO JARDIM",75.12,0.41,635.11,5938,0.714,0.62,0.835,0.703,1,0,0,0,2,2,428,292,42,3,0,0,0,0,0,0,0,0,0,0,17,3,0,0,3,0,3,31,896,1218
"540",3548203,"SANTO ANTÔNIO DO PINHAL",73.69,0.47,569.08,6456,0.706,0.632,0.812,0.685,6,9,4,6,0,0,0,0,4,2,0,0,0,0,0,0,2,7,0,0,0,0,0,0,1,0,0,0,520,1169
"541",3548302,"SANTO EXPEDITO",74.69,0.41,497.6,2799,0.732,0.714,0.828,0.664,0,0,0,0,0,0,0,0,0,0,0,0,0,0,0,0,0,0,0,0,0,0,0,0,0,0,0,0,162,318
"542",3548401,"SANTÓPOLIS DO AGUAPEÍ",74.78,0.35,551.5,4276,0.74,0.719,0.83,0.68,0,0,1,0,0,0,0,0,4,32,0,0,0,0,0,0,0,0,0,0,2,0,0,0,0,0,2,0,224,532
"543",3548500,"SANTOS",76.13,0.55,1693.65,416553,0.84,0.807,0.852,0.861,64,95,88,468,1,0,1,0,357,970,6,66,0,0,2,0,1,0,18,90,0,0,4,2,18,4,83,477,31004,178529
"544",3548609,"SÃO BENTO DO SAPUCAÍ",73.69,0.55,701.89,10389,0.72,0.638,0.812,0.719,3,2,0,0,6,6,0,0,6,5,0,0,0,0,0,0,0,0,0,0,1,4,0,0,0,0,2,1,477,1666
"545",3548708,"SÃO BERNARDO DO CAMPO",76.65,0.54,1212.65,761343,0.805,0.752,0.861,0.807,141,1379,262,1406,0,0,0,0,592,2734,20,1050,28,153,0,0,1,4,42,2273,1,0,6,87,64,3,170,1124,37973,258124
"546",3548807,"SÃO CAETANO DO SUL",78.2,0.54,2043.74,148195,0.862,0.811,0.887,0.891,37,1442,64,293,0,0,0,0,220,763,11,190,14,76,0,0,0,0,37,327,1,0,8,158,26,4,76,295,15415,109344
"547",3548906,"SÃO CARLOS",76.78,0.49,1079.45,220666,0.805,0.766,0.863,0.788,63,150,74,546,0,0,8,1,265,566,17,42,26,58,0,0,4,66,40,837,0,0,5,69,16,0,89,724,15204,75703
"548",3549003,"SÃO FRANCISCO",73.82,0.45,643.37,2790,0.723,0.658,0.814,0.705,0,0,0,0,2,0,0,0,0,0,0,0,0,0,0,0,0,0,0,0,0,0,0,0,0,0,0,0,91,218
"549",3549102,"SÃO JOÃO DA BOA VISTA",77.23,0.51,998.31,83244,0.797,0.749,0.871,0.776,22,68,46,435,3,0,127,147,76,115,16,116,1,7,0,0,0,0,11,54,11,71,3,37,9,0,28,64,6576,23672
"550",3549201,"SÃO JOÃO DAS DUAS PONTES",73.34,0.36,532.23,2566,0.72,0.686,0.806,0.675,0,0,0,0,5,5,0,0,0,0,0,0,0,0,0,0,0,0,0,0,0,0,0,0,0,0,0,0,124,273
"551",3549250,"SÃO JOÃO DE IRACEMA",74.97,0.37,559.18,1780,0.748,0.738,0.833,0.682,0,0,0,0,0,0,0,0,0,0,0,0,0,0,0,0,0,0,0,0,0,0,0,0,0,0,1,0,157,259
"552",3549300,"SÃO JOÃO DO PAU D'ALHO",76.26,0.33,680.13,2098,0.75,0.692,0.854,0.714,0,0,0,0,0,0,18,0,1,0,0,0,0,0,0,0,0,0,0,0,0,0,0,0,0,0,0,0,233,230
"553",3549409,"SÃO JOAQUIM DA BARRA",75.8,0.42,799.93,46359,0.762,0.706,0.847,0.74,5,32,17,169,0,0,0,0,50,148,1,5,0,0,1,1,0,0,2,0,0,0,0,0,7,0,8,16,2319,12468
"554",3549508,"SÃO JOSÉ DA BELA VISTA",75.61,0.46,548.31,8376,0.693,0.58,0.844,0.679,0,0,0,0,0,0,35,59,4,0,0,0,0,0,0,0,0,0,0,0,0,0,0,0,0,0,0,0,364,811
"555",3549607,"SÃO JOSÉ DO BARREIRO",73.8,0.55,506.16,4060,0.684,0.591,0.813,0.666,0,0,0,0,1,1,0,0,0,0,0,0,0,0,0,0,1,30,0,0,0,0,0,0,0,0,1,0,191,524
"556",3549706,"SÃO JOSÉ DO RIO PARDO",77.05,0.49,818.61,51528,0.774,0.717,0.868,0.744,21,28,25,17,0,0,93,239,49,126,5,215,0,0,0,0,2,1,4,2,3,15,0,0,1,0,34,48,4239,14529
"557",3549805,"SÃO JOSÉ DO RIO PRETO",75.74,0.5,1169.16,405342,0.797,0.748,0.846,0.801,197,1202,145,461,0,0,1,4,555,1257,25,242,10,27,121,994,3,4,58,1001,0,0,2,11,36,6,345,1779,32937,142230
"558",3549904,"SÃO JOSÉ DOS CAMPOS",76.27,0.55,1190.96,627707,0.807,0.764,0.855,0.804,104,545,199,475,1,0,3,0,439,2005,13,86,13,185,2,15,1,3,30,1778,1,11,26,6174,9,2,90,350,31688,182177
"559",3549953,"SÃO LOURENÇO DA SERRA",74.36,0.47,640.64,13844,0.728,0.666,0.823,0.704,2,1,2,2,0,0,0,0,6,35,0,0,0,0,0,0,0,0,0,0,0,0,0,0,1,1,2,12,670,8330
"560",3550001,"SÃO LUÍS DO PARAITINGA",74.54,0.48,590.68,10333,0.697,0.593,0.826,0.691,2,2,5,1,1,0,1,6,0,0,0,0,0,0,0,0,1,27,1,1,0,0,0,0,0,0,0,0,1518,1823
"561",3550100,"SÃO MANUEL",73.29,0.45,773.82,38157,0.744,0.695,0.805,0.735,7,15,10,5,0,0,111,73,23,46,2,3,0,0,0,0,0,0,0,0,0,0,0,0,0,0,7,3,1985,8237
"562",3550209,"SÃO MIGUEL ARCANJO",72.95,0.57,657.07,31274,0.71,0.633,0.799,0.708,1,0,10,16,0,0,0,0,7,16,1,29,0,0,0,0,2,2,0,0,0,0,0,0,2,0,6,178,1422,4502
"563",3550308,"SÃO PAULO",76.3,0.62,1516.21,11172609,0.805,0.725,0.855,0.843,1936,5666,2260,5596,3,3,18,10,10514,37191,300,7676,250,2016,192,1332,39,2443,694,6345,15,139,117,1847,467,389,11132,55040,835167,5109943
"564",3550407,"SÃO PEDRO",76.78,0.46,803.02,31561,0.755,0.674,0.863,0.741,4,61,5,7,0,0,1,0,17,24,4,20,1,1,0,0,0,0,0,0,2,11,0,0,1,0,20,57,1825,6593
"565",3550506,"SÃO PEDRO DO TURVO",74.58,0.39,488.08,7151,0.703,0.636,0.826,0.661,0,0,1,0,0,0,10,6,4,0,0,0,0,0,0,0,0,0,0,0,0,0,0,0,0,0,3,31,902,1345
"566",3550605,"SÃO ROQUE",76.79,0.5,932.62,78372,0.768,0.687,0.863,0.765,16,51,26,17,0,0,0,0,73,526,1,4,0,0,0,0,0,0,7,82,0,0,0,0,6,1,21,96,4436,21439
"567",3550704,"SÃO SEBASTIÃO",77.51,0.49,837.48,73583,0.772,0.703,0.875,0.747,5,9,5,74,0,0,0,0,23,131,5,5,0,0,0,0,0,0,0,0,0,0,0,0,0,0,5,1,3844,18477
"568",3550803,"SÃO SEBASTIÃO DA GRAMA",74.19,0.41,581.04,12061,0.701,0.609,0.82,0.689,0,0,1,23,0,0,153,581,8,23,0,0,0,0,0,0,3,34,3,52,1,1,3,32,2,0,3,1,901,2634
"569",3550902,"SÃO SIMÃO",76.11,0.45,761.14,14313,0.766,0.722,0.852,0.732,4,408,6,27,0,0,3,1,10,10,2,0,0,0,0,0,0,0,1,0,0,0,0,0,3,0,12,138,1143,3318
"570",3551009,"SÃO VICENTE",76.39,0.47,789.32,330341,0.768,0.716,0.857,0.738,16,17,21,51,0,0,0,0,90,329,4,26,0,0,0,0,0,0,5,7,0,0,1,34,0,0,34,32,7617,35824
"571",3551108,"SARAPUÍ",73.86,0.52,619.86,9003,0.707,0.621,0.814,0.699,1,71,3,1,0,0,1,0,3,2,0,0,0,0,0,0,0,0,1,0,0,0,0,0,1,0,0,0,602,1892
"572",3551207,"SARUTAIÁ",72.65,0.44,548.61,3555,0.688,0.603,0.794,0.679,0,0,0,0,0,0,27,45,0,0,0,0,0,0,0,0,0,0,0,0,0,0,0,0,0,0,3,196,157,596
"573",3551306,"SEBASTIANÓPOLIS DO SUL",75.08,0.42,840.63,3031,0.773,0.74,0.835,0.748,3,0,0,0,1,0,3,0,0,0,0,0,0,0,0,0,2,13,0,0,0,0,0,0,0,0,5,1,713,2262
"574",3551405,"SERRA AZUL",73.6,0.45,613.57,8843,0.686,0.572,0.81,0.697,1,0,3,1,0,0,1,0,0,0,0,0,0,0,0,0,0,0,0,0,0,0,0,0,0,0,0,0,328,845
"575",3551504,"SERRANA",75.08,0.37,677.75,38742,0.729,0.65,0.835,0.713,3,2,18,149,0,0,0,0,13,20,0,0,0,0,0,0,1,20,0,0,0,0,0,0,1,0,11,60,1546,7421
"576",3551603,"SERRA NEGRA",77.36,0.48,927.39,26297,0.767,0.676,0.873,0.764,4,7,2,10,0,0,89,206,47,116,2,50,0,0,0,0,1,2,1,1,1,3,0,0,0,0,57,109,2079,6444
"577",3551702,"SERTÃOZINHO",76.31,0.46,953.23,109549,0.761,0.672,0.855,0.768,20,183,178,1427,0,0,0,0,123,663,3,6,6,4,0,0,0,0,6,66,0,0,4,64,23,2,16,28,6412,41384
"578",3551801,"SETE BARRAS",74.89,0.5,459.28,12955,0.673,0.562,0.832,0.651,2,0,0,0,132,637,0,0,0,0,1,1,0,0,0,0,1,60,0,0,0,0,0,0,0,0,2,28,524,1854
"579",3551900,"SEVERÍNIA",73.42,0.41,657.45,15444,0.715,0.638,0.807,0.709,1,0,8,33,0,0,0,0,8,12,0,0,0,0,0,0,0,0,0,0,0,0,0,0,1,0,6,24,599,2351
"580",3552007,"SILVEIRAS",73.72,0.48,475.69,5780,0.678,0.584,0.812,0.657,0,0,0,0,0,0,0,0,1,0,0,0,0,0,0,0,1,19,0,0,0,0,0,0,0,0,0,0,230,790
"581",3552106,"SOCORRO",74.66,0.44,785.71,36547,0.729,0.634,0.828,0.737,8,15,10,70,0,0,29,83,35,66,0,0,2,2,0,0,1,0,2,2,21,11,0,0,1,0,102,354,2178,8208
"582",3552205,"SOROCABA",75.59,0.52,1107.19,581667,0.798,0.762,0.843,0.792,93,682,260,2624,0,0,4,0,479,1536,33,1270,44,668,0,0,1,0,40,994,5,71,7,151,20,3,155,1932,35173,198658
"583",3552304,"SUD MENNUCCI",73.51,0.54,813.95,7435,0.747,0.694,0.809,0.743,0,0,1,4,0,0,0,0,4,0,0,0,0,0,0,0,0,0,0,0,0,0,0,0,0,0,0,0,305,1602
"584",3552403,"SUMARÉ",75.71,0.45,820.03,241007,0.762,0.705,0.845,0.744,45,387,69,202,1,1,0,0,133,563,7,169,4,43,0,0,0,0,7,62,0,0,4,154,23,0,52,723,8447,56183
"585",3552502,"SUZANO",77.36,0.47,654.61,261357,0.765,0.723,0.873,0.708,34,323,57,167,1,0,0,0,143,774,11,200,3,7,0,0,0,0,17,122,2,0,4,11,3,0,77,443,9435,64894
"586",3552551,"SUZANÁPOLIS",73.75,0.41,500.45,3383,0.699,0.631,0.813,0.665,1,1,0,0,0,0,0,0,0,0,0,0,0,0,0,0,0,0,0,0,0,0,0,0,0,0,1,0,164,1480
"587",3552601,"TABAPUÃ",74.2,0.4,731.31,11280,0.735,0.666,0.82,0.726,14,64,1,0,0,0,0,0,5,3,0,0,0,0,0,0,0,0,0,0,0,0,0,0,1,0,9,8,704,1985
"588",3552700,"TABATINGA",74.1,0.4,625.39,14354,0.704,0.609,0.818,0.7,3,7,2,0,3,0,10,3,3,0,0,0,0,0,0,0,0,0,0,0,0,0,0,0,1,0,6,48,1547,3445
"589",3552809,"TABOÃO DA SERRA",76.79,0.47,812.19,243983,0.769,0.71,0.863,0.742,46,536,29,39,0,0,0,0,138,926,8,259,7,143,0,0,1,132,9,21,1,78,7,82,10,114,51,450,7883,64855
"590",3552908,"TACIBA",73.52,0.38,559.1,5683,0.723,0.684,0.809,0.682,0,0,0,0,0,0,1,0,1,1,0,0,0,0,0,0,0,0,0,0,0,0,0,0,0,0,0,0,382,800
"591",3553005,"TAGUAÍ",74.05,0.37,587.51,10781,0.709,0.631,0.818,0.69,1,1,0,0,0,0,6,35,4,4,0,0,0,0,0,0,0,0,0,0,0,0,0,0,0,0,88,2972,528,4569
"592",3553104,"TAIAÇU",73.84,0.41,626.12,5891,0.71,0.628,0.814,0.701,0,0,0,0,0,0,0,0,3,0,1,5,0,0,0,0,0,0,0,0,0,0,0,0,1,0,2,1,402,665
"593",3553203,"TAIÚVA",75.08,0.42,761.47,5427,0.76,0.718,0.835,0.732,1,1,1,0,0,0,0,0,1,4,0,0,0,0,0,0,0,0,3,0,0,0,0,0,0,0,0,0,339,747
"594",3553302,"TAMBAÚ",76.45,0.45,747.11,22289,0.731,0.624,0.858,0.729,4,2,6,1,1,0,12,28,8,5,0,0,1,5,0,0,2,1,0,0,64,1412,0,0,5,1,10,33,1823,5908
"595",3553401,"TANABI",74.73,0.42,775.79,23991,0.748,0.687,0.829,0.735,12,335,2,0,4,0,58,4,29,193,0,0,0,0,0,0,0,0,3,72,0,0,0,0,1,0,10,39,2278,5417
"596",3553500,"TAPIRAÍ",75.74,0.44,449.75,7975,0.681,0.578,0.846,0.647,0,0,0,0,2,8,0,0,2,12,0,0,0,0,0,0,0,0,1,25,1,0,0,0,0,0,2,37,251,1157
"597",3553609,"TAPIRATIBA",77.18,0.4,637.12,12721,0.751,0.692,0.87,0.703,0,0,0,0,0,0,37,124,4,4,34,616,0,0,0,0,0,0,0,0,0,0,0,0,0,0,5,20,510,2684
"598",3553658,"TAQUARAL",74.4,0.51,811.38,2714,0.759,0.716,0.823,0.742,0,0,1,1,0,0,0,0,1,0,0,0,0,0,0,0,0,0,0,0,0,0,0,0,0,0,0,0,119,547
"599",3553708,"TAQUARITINGA",74.61,0.46,739.25,53797,0.748,0.696,0.827,0.727,8,5,17,69,1,0,0,0,33,66,6,25,0,0,1,1,3,26,2,4,0,0,0,0,4,0,30,196,4278,10676
"600",3553807,"TAQUARITUBA",73.65,0.48,624.86,22190,0.701,0.606,0.811,0.7,2,13,13,58,0,0,39,7,18,44,5,50,0,0,0,0,1,7,1,0,6,86,0,0,1,0,17,145,1834,4960
"601",3553856,"TAQUARIVAÍ",73.64,0.43,373.06,5129,0.679,0.626,0.811,0.617,1,0,3,22,0,0,0,0,0,0,1,16,0,0,0,0,0,0,0,0,0,0,0,0,1,0,0,0,473,1429
"602",3553906,"TARABAI",74.37,0.4,505.51,6607,0.726,0.697,0.823,0.666,3,5,3,23,0,0,0,0,3,3,1,10,0,0,0,0,1,2,0,0,0,0,0,0,0,0,2,3,270,1018
"603",3553955,"TARUMÃ",76.13,0.54,787.79,12878,0.753,0.68,0.852,0.738,0,0,4,212,0,0,0,0,5,6,2,49,0,0,0,0,0,0,1,0,0,0,0,0,0,0,1,1,746,5047
"604",3554003,"TATUÍ",75.52,0.47,771.05,106912,0.752,0.688,0.842,0.734,9,249,19,94,3,7,0,0,46,266,6,48,0,0,0,0,0,0,13,41,35,1301,0,0,2,0,23,168,4825,29395
"605",3554102,"TAUBATÉ",77.98,0.51,1011.95,276215,0.8,0.746,0.883,0.778,32,117,61,225,0,0,0,0,184,677,10,6,6,9,0,0,1,225,17,108,2,53,8,568,1,0,42,234,12454,81699
"606",3554201,"TEJUPÁ",72.65,0.48,510.13,4774,0.668,0.563,0.794,0.668,0,0,0,0,0,0,129,124,0,0,0,0,0,0,0,0,0,0,0,0,0,0,0,0,0,0,10,284,340,1174
"607",3554300,"TEODORO SAMPAIO",76.38,0.47,619.79,21319,0.741,0.679,0.856,0.699,1,0,4,0,0,0,0,0,15,14,0,0,0,0,0,0,1,210,0,0,5,20,0,0,0,0,3,0,1150,3304
"608",3554409,"TERRA ROXA",75.3,0.45,759.32,8475,0.749,0.684,0.838,0.732,0,0,0,0,0,0,0,0,3,0,1,66,0,0,0,0,0,0,0,0,0,0,0,0,1,0,3,4,489,1226
"609",3554508,"TIETÊ",78.04,0.48,927.25,36638,0.778,0.698,0.884,0.764,18,90,9,9,9,17,2,5,58,394,3,12,0,0,1,1,0,0,1,27,2,51,0,0,7,1,109,597,2463,14193
"610",3554607,"TIMBURI",74.58,0.46,580.24,2621,0.71,0.629,0.826,0.688,0,0,0,0,0,0,14,67,0,0,0,0,0,0,0,0,0,0,0,0,0,0,0,0,0,0,1,26,131,445
"611",3554656,"TORRE DE PEDRA",74.73,0.39,548.39,2233,0.714,0.647,0.829,0.679,0,0,0,0,0,0,0,0,1,1,0,0,0,0,0,0,0,0,0,0,0,0,0,0,0,0,0,0,70,223
"612",3554706,"TORRINHA",76.11,0.45,770.15,9285,0.744,0.658,0.852,0.734,3,11,2,4,0,0,231,67,6,24,1,8,0,0,0,0,0,0,0,0,0,0,0,0,1,0,7,35,1179,2091
"613",3554755,"TRABIJU",73.63,0.4,505.36,1542,0.722,0.697,0.811,0.666,1,2,2,0,0,0,0,0,0,0,0,0,0,0,0,0,0,0,0,0,0,0,0,0,0,0,0,0,103,354
"614",3554805,"TREMEMBÉ",77.38,0.53,959.88,37302,0.785,0.72,0.873,0.769,5,38,7,10,0,0,0,0,29,35,0,0,1,1,0,0,1,2,2,51,4,9,0,0,1,0,4,18,1324,4826
"615",3554904,"TRÊS FRONTEIRAS",74.73,0.41,663.71,5397,0.753,0.726,0.829,0.71,0,0,1,0,2,1,1,0,0,0,0,0,1,21,0,0,0,0,0,0,1,0,0,0,0,0,2,0,370,633
"616",3554953,"TUIUTI",77.24,0.39,630.49,5912,0.728,0.63,0.871,0.702,1,2,0,0,1,0,7,23,3,3,0,0,0,0,0,0,0,0,0,0,0,0,1,0,0,0,3,2,480,646
"617",3555000,"TUPÃ",76.1,0.54,926.96,62563,0.771,0.704,0.852,0.764,13,263,32,133,2,2,4,7,74,350,6,438,0,0,0,0,0,0,4,107,2,0,0,0,5,0,30,104,3735,16584
"618",3555109,"TUPI PAULISTA",75.08,0.49,914.36,13029,0.769,0.715,0.835,0.762,2,6,4,3,1,0,10,7,17,23,1,2,0,0,0,0,1,17,0,0,2,0,0,0,0,0,3,19,947,2256
"619",3555208,"TURIÚBA",74.44,0.35,676.92,1928,0.751,0.721,0.824,0.713,0,0,0,0,0,0,1,2,0,0,0,0,0,0,0,0,0,0,0,0,0,0,0,0,0,0,1,22,415,280
"620",3555307,"TURMALINA",74.04,0.39,725.06,1966,0.736,0.675,0.817,0.724,0,0,1,0,0,0,0,0,1,1,0,0,0,0,0,0,0,0,0,0,0,0,0,0,0,0,1,0,120,316
"621",3555356,"UBARANA",75.62,0.35,522.27,5286,0.7,0.604,0.844,0.672,1,1,0,0,0,0,0,0,2,0,0,0,0,0,0,0,0,0,1,0,3,32,0,0,0,0,1,0,200,1460
"622",3555406,"UBATUBA",75.47,0.58,803.5,78469,0.751,0.679,0.841,0.741,10,63,6,1,0,0,0,0,41,140,4,40,0,0,0,0,0,0,0,0,0,0,0,0,0,0,24,97,4904,20618
"623",3555505,"UBIRAJARA",74.72,0.42,580.57,4418,0.727,0.674,0.829,0.689,0,0,1,0,0,0,2,3,4,1,0,0,0,0,0,0,0,0,0,0,0,0,0,0,0,0,0,0,267,1448
"624",3555604,"UCHOA",74.36,0.4,655.13,9445,0.721,0.644,0.823,0.708,1,0,1,0,0,0,0,0,5,3,0,0,0,0,0,0,0,0,0,0,1,0,0,0,0,0,3,9,782,1265
"625",3555703,"UNIÃO PAULISTA",76.75,0.35,610.77,1599,0.749,0.699,0.863,0.697,0,0,0,0,0,0,0,0,0,0,1,3,0,0,0,0,0,0,0,0,0,0,0,0,0,0,1,1,93,287
"626",3555802,"URÂNIA",73.25,0.46,739.08,8809,0.746,0.709,0.804,0.727,2,37,2,0,2,2,0,0,5,10,0,0,0,0,1,1,0,0,0,0,0,0,0,0,1,0,3,1,485,1284
"627",3555901,"URU",74.93,0.39,544.1,1250,0.712,0.639,0.832,0.678,0,0,2,0,0,0,21,0,0,0,0,0,0,0,0,0,0,0,0,0,0,0,0,0,0,0,1,0,190,261
"628",3556008,"URUPÊS",74.03,0.43,805.66,12674,0.745,0.683,0.817,0.741,3,0,4,1,0,0,1,1,9,8,0,0,0,0,0,0,0,0,1,0,1,0,0,0,0,0,83,637,2026,2708
"629",3556107,"VALENTIM GENTIL",73.62,0.36,654.97,10987,0.735,0.692,0.81,0.708,69,917,9,44,1,0,5,0,16,35,0,0,0,0,0,0,0,0,0,0,0,0,1,6,1,0,5,0,988,2937
"630",3556206,"VALINHOS",76.01,0.54,1570.91,106411,0.819,0.763,0.85,0.848,55,502,53,167,0,0,0,0,154,873,20,665,18,128,1,0,1,0,10,39,5,14,1,37,8,0,39,224,8704,48031
"631",3556305,"VALPARAÍSO",74.47,0.45,701.02,20302,0.725,0.643,0.825,0.719,2,3,2,21,0,0,1,0,10,10,0,0,0,0,0,0,0,0,1,0,0,0,0,0,0,0,2,4,837,5816
"632",3556354,"VARGEM",75.36,0.38,587.59,8789,0.699,0.591,0.839,0.69,0,0,1,0,2,0,1,0,3,0,0,0,1,26,0,0,1,24,0,0,18,31,0,0,0,0,1,23,398,936
"633",3556404,"VARGEM GRANDE DO SUL",76.78,0.42,711.6,39159,0.737,0.643,0.863,0.721,11,30,16,21,1,0,18,25,12,40,1,4,0,0,0,0,0,0,2,2,39,555,1,22,2,0,14,21,2222,7387
"634",3556453,"VARGEM GRANDE PAULISTA",78.02,0.5,876.61,42786,0.77,0.683,0.884,0.755,24,279,22,18,0,0,0,0,26,90,4,14,1,4,0,0,0,0,2,19,0,0,3,10,2,0,10,239,2211,12025
"635",3556503,"VÁRZEA PAULISTA",76.8,0.39,706.02,106832,0.759,0.705,0.863,0.72,33,86,56,73,0,0,0,0,45,112,6,313,12,164,1,2,1,5,0,0,3,91,3,3,1,0,28,158,2839,17467
"636",3556602,"VERA CRUZ",74.79,0.45,713.66,10664,0.754,0.715,0.83,0.722,1,0,2,0,0,0,73,204,7,7,0,0,0,0,0,0,0,0,0,0,0,0,0,0,2,0,2,4,458,1240
"637",3556701,"VINHEDO",77.68,0.53,1493.32,63120,0.817,0.739,0.878,0.84,16,156,24,61,0,0,1,3,73,155,4,136,10,179,0,0,0,0,4,54,5,223,3,28,9,0,15,27,5235,37793
"638",3556800,"VIRADOURO",74.4,0.4,692.01,17263,0.739,0.683,0.823,0.717,8,1,5,2,0,0,0,0,12,11,0,0,0,0,0,0,0,0,2,3,0,0,0,0,2,0,12,476,1271,2924
"639",3556909,"VISTA ALEGRE DO ALTO",75.41,0.35,732.14,6810,0.744,0.676,0.84,0.726,1,2,5,9,0,0,0,0,4,2,0,0,0,0,0,0,0,0,0,0,0,0,0,0,0,0,2,1,552,3383
"640",3556958,"VITÓRIA BRASIL",73.63,0.35,572.68,1737,0.725,0.685,0.811,0.686,0,0,1,1,0,0,2,0,0,0,0,0,0,0,0,0,0,0,0,0,0,0,0,0,0,0,1,0,101,206
"641",3557006,"VOTORANTIM",75.3,0.4,703.99,108590,0.767,0.747,0.838,0.72,15,61,23,315,0,0,0,0,72,206,4,36,2,11,0,0,1,13,4,8,0,0,0,0,3,2,26,1068,3690,19684
"642",3557105,"VOTUPORANGA",76.44,0.49,977.39,84511,0.79,0.744,0.857,0.772,93,1517,23,124,1,0,3,1,86,232,7,54,1,1,1,3,1,0,16,142,0,0,3,16,2,1,60,369,5051,26440
"643",3557154,"ZACARIAS",74.56,0.39,605.79,2335,0.729,0.674,0.826,0.695,1,0,0,0,0,0,0,0,0,0,0,0,0,0,0,0,2,61,0,0,1,0,1,0,0,0,0,0,278,585
"644",3557204,"CHAVANTES",74.66,0.47,677.3,12055,0.729,0.655,0.828,0.713,3,6,8,36,0,0,1,2,7,17,4,23,0,0,0,0,0,0,0,0,0,0,0,0,0,0,3,5,442,1681
"645",3557303,"ESTIVA GERBI",73.87,0.41,686.89,10001,0.74,0.695,0.815,0.716,3,18,4,2,0,0,0,0,3,2,0,0,0,0,0,0,0,0,0,0,1,0,0,0,1,0,0,0,371,2385
